date,value,breadth_200,breadth_50
2007-01-05,1409.7099609375,0.0,0.0
2007-01-08,1412.8399658203125,0.0,0.0
2007-01-09,1412.1099853515625,0.0,0.0
2007-01-10,1414.8499755859375,0.0,0.0
2007-01-11,1423.8199462890625,0.0,0.0
2007-01-12,1430.72998046875,0.0,0.0
2007-01-16,1431.9000244140625,0.0,0.0
2007-01-17,1430.6199951171875,0.0,0.0
2007-01-18,1426.3699951171875,0.0,0.0
2007-01-19,1430.5,0.0,0.0
2007-01-22,1422.949951171875,0.0,0.0
2007-01-23,1427.989990234375,0.0,0.0
2007-01-24,1440.1300048828125,0.0,0.0
2007-01-25,1423.9000244140625,0.0,0.0
2007-01-26,1422.1800537109375,0.0,0.0
2007-01-29,1420.6199951171875,0.0,0.0
2007-01-30,1428.8199462890625,0.0,0.0
2007-01-31,1438.239990234375,0.0,0.0
2007-02-01,1445.93994140625,0.0,0.0
2007-02-02,1448.3900146484375,0.0,0.0
2007-02-05,1446.989990234375,0.0,0.0
2007-02-06,1448.0,0.0,0.0
2007-02-07,1450.02001953125,0.0,0.0
2007-02-08,1448.31005859375,0.0,0.0
2007-02-09,1438.06005859375,0.0,0.0
2007-02-12,1433.3699951171875,0.0,0.0
2007-02-13,1444.260009765625,0.0,0.0
2007-02-14,1455.300048828125,0.0,0.0
2007-02-15,1456.81005859375,0.0,0.0
2007-02-16,1455.5400390625,0.0,0.0
2007-02-20,1459.6800537109375,0.0,0.0
2007-02-21,1457.6300048828125,0.0,0.0
2007-02-22,1456.3800048828125,0.0,0.0
2007-02-23,1451.18994140625,0.0,0.0
2007-02-26,1449.3699951171875,0.0,0.0
2007-02-27,1399.0400390625,0.0,0.0
2007-02-28,1406.8199462890625,0.0,0.0
2007-03-01,1403.1700439453125,0.0,0.0
2007-03-02,1387.1700439453125,0.0,0.0
2007-03-05,1374.1199951171875,0.0,0.0
2007-03-06,1395.4100341796875,0.0,0.0
2007-03-07,1391.969970703125,0.0,0.0
2007-03-08,1401.8900146484375,0.0,0.0
2007-03-09,1402.8399658203125,0.0,0.0
2007-03-12,1406.5999755859375,0.0,0.0
2007-03-13,1377.949951171875,0.0,0.0
2007-03-14,1387.1700439453125,0.0,0.0
2007-03-15,1392.280029296875,0.0,12.373737335205078
2007-03-16,1386.949951171875,0.0,23.6531982421875
2007-03-19,1402.06005859375,0.0,37.45791244506836
2007-03-20,1410.93994140625,0.0,40.319864908854164
2007-03-21,1435.0400390625,0.0,49.57912572224935
2007-03-22,1434.5400390625,0.0,55.67365646362305
2007-03-23,1436.1099853515625,0.0,61.09287897745768
2007-03-26,1437.5,0.0,60.2015126546224
2007-03-27,1428.6099853515625,0.0,58.018473307291664
2007-03-28,1417.22998046875,0.0,53.06465276082357
2007-03-29,1422.530029296875,0.0,49.66520309448242
2007-03-30,1420.8599853515625,0.0,48.28065617879232
2007-04-02,1424.550048828125,0.0,49.32998402913412
2007-04-03,1437.77001953125,0.0,53.09882736206055
2007-04-04,1439.3699951171875,0.0,56.616415659586586
2007-04-05,1443.760009765625,0.0,60.63651657104492
2007-04-09,1444.6099853515625,0.0,61.64154307047526
2007-04-10,1448.3900146484375,0.0,63.14907964070638
2007-04-11,1438.8699951171875,0.0,61.39028549194336
2007-04-12,1447.800048828125,0.0,61.474037170410156
2007-04-13,1452.8499755859375,0.0,61.976549784342446
2007-04-16,1468.3299560546875,0.0,68.17420450846355
2007-04-17,1471.47998046875,0.0,73.19933064778645
2007-04-18,1472.5,0.0,77.47068786621094
2007-04-19,1470.72998046875,0.0,77.24042256673177
2007-04-20,1484.3499755859375,0.0,77.50910186767578
2007-04-23,1480.9300537109375,0.0,77.94486490885417
2007-04-24,1480.4100341796875,0.0,78.19549051920573
2007-04-25,1495.4200439453125,0.0,78.02840423583984
2007-04-26,1494.25,0.0,77.94486236572266
2007-04-27,1494.0699462890625,0.0,79.28153737386067
2007-04-30,1482.3699951171875,0.0,76.19047546386719
2007-05-01,1486.300048828125,0.0,72.76524353027344
2007-05-02,1495.9200439453125,0.0,71.84627787272136
2007-05-03,1502.3900146484375,0.0,74.12176005045573
2007-05-04,1505.6199951171875,0.0,76.99927775065105
2007-05-07,1509.47998046875,0.0,77.78574117024739
2007-05-08,1507.719970703125,0.0,78.71986389160156
2007-05-09,1512.5799560546875,0.0,79.88362375895183
2007-05-10,1491.469970703125,0.0,77.7223612467448
2007-05-11,1505.8499755859375,0.0,77.14048258463542
2007-05-14,1503.1500244140625,0.0,74.72984313964844
2007-05-15,1501.18994140625,0.0,73.9231948852539
2007-05-16,1514.1400146484375,0.0,73.77617645263672
2007-05-17,1512.75,0.0,73.38308715820312
2007-05-18,1522.75,0.0,74.79270426432292
2007-05-21,1525.0999755859375,0.0,74.62686411539714
2007-05-22,1524.1199951171875,0.0,76.28523763020833
2007-05-23,1522.280029296875,0.0,76.11940256754558
2007-05-24,1507.510009765625,0.0,72.47098032633464
2007-05-25,1515.72998046875,0.0,69.0713119506836
2007-05-29,1518.1099853515625,0.0,68.24212392171223
2007-05-30,1530.22998046875,0.0,70.9784418741862
2007-05-31,1530.6199951171875,0.0,73.96351623535156
2007-06-01,1536.3399658203125,0.0,76.11940256754558
2007-06-04,1539.1800537109375,0.0,77.52901967366536
2007-06-05,1530.949951171875,0.0,75.78772735595703
2007-06-06,1517.3800048828125,0.0,71.64178975423177
2007-06-07,1490.719970703125,0.0,61.77445983886719
2007-06-08,1507.6700439453125,0.0,57.794359842936196
2007-06-11,1509.1199951171875,0.0,55.223880767822266
2007-06-12,1493.0,0.0,54.64345041910807
2007-06-13,1515.6700439453125,0.0,54.394694010416664
2007-06-14,1522.969970703125,0.0,55.670159657796226
2007-06-15,1532.9100341796875,0.0,61.66973114013672
2007-06-18,1531.050048828125,0.0,62.86186854044596
2007-06-19,1533.699951171875,0.0,62.86186854044596
2007-06-20,1512.8399658203125,0.0,58.97435760498047
2007-06-21,1522.18994140625,0.0,56.74110666910807
2007-06-22,1502.56005859375,0.0,51.73963292439779
2007-06-25,1497.739990234375,0.0,48.725728352864586
2007-06-26,1492.8900146484375,0.0,44.14191436767578
2007-06-27,1506.3399658203125,0.0,44.96699651082357
2007-06-28,1505.7099609375,0.0,46.78217697143555
2007-06-29,1503.3499755859375,0.0,48.679866790771484
2007-07-02,1519.4300537109375,0.0,50.742574055989586
2007-07-03,1524.8699951171875,0.0,53.46534729003906
2007-07-05,1525.4000244140625,0.0,56.600659688313804
2007-07-06,1530.43994140625,0.0,58.41584142049154
2007-07-09,1531.8499755859375,0.0,59.323431650797524
2007-07-10,1510.1199951171875,0.0,56.76567586263021
2007-07-11,1518.760009765625,0.0,54.12541071573893
2007-07-12,1547.699951171875,0.0,55.52805201212565
2007-07-13,1552.5,0.0,60.97359848022461
2007-07-16,1549.52001953125,0.0,64.10891215006511
2007-07-17,1549.3699951171875,0.0,63.366336822509766
2007-07-18,1546.1700439453125,0.0,61.71617126464844
2007-07-19,1553.0799560546875,0.0,62.04620488484701
2007-07-20,1534.0999755859375,0.0,59.90099207560221
2007-07-23,1541.5699462890625,0.0,58.58086013793945
2007-07-24,1511.0400390625,0.0,52.22772471110026
2007-07-25,1518.0899658203125,0.0,49.009901682535805
2007-07-26,1482.6600341796875,0.0,40.181517918904625
2007-07-27,1458.949951171875,0.0,32.984557469685875
2007-07-30,1473.9100341796875,0.0,27.103043874104817
2007-07-31,1455.27001953125,0.0,25.18518575032552
2007-08-01,1465.81005859375,0.0,27.325103759765625
2007-08-02,1472.199951171875,0.0,28.971194585164387
2007-08-03,1433.06005859375,0.0,28.395062764485676
2007-08-06,1467.6700439453125,0.0,29.218108495076496
2007-08-07,1476.7099609375,0.0,29.794239679972332
2007-08-08,1497.489990234375,0.0,37.69547335306803
2007-08-09,1453.0899658203125,0.0,37.366254806518555
2007-08-10,1453.6400146484375,0.0,35.88477325439453
2007-08-13,1452.9200439453125,0.0,30.617284774780273
2007-08-14,1426.5400390625,0.0,27.654321670532227
2007-08-15,1406.699951171875,0.0,22.139918009440105
2007-08-16,1411.27001953125,0.0,16.954732577006023
2007-08-17,1445.93994140625,0.0,18.189300219217937
2007-08-20,1445.550048828125,0.0,22.057613054911297
2007-08-21,1447.1199951171875,0.0,26.502058029174805
2007-08-22,1464.0699462890625,0.0,30.534980138142902
2007-08-23,1462.5,0.0,33.82716178894043
2007-08-24,1479.3699951171875,0.0,39.588478088378906
2007-08-27,1466.7900390625,0.0,39.25926081339518
2007-08-28,1432.3599853515625,0.0,34.48559761047363
2007-08-29,1463.760009765625,0.0,31.358025232950848
2007-08-30,1457.6400146484375,0.0,31.11111005147298
2007-08-31,1473.989990234375,0.0,39.176953633626304
2007-09-04,1489.4200439453125,0.0,45.26748911539713
2007-09-05,1472.2900390625,0.0,48.23045221964518
2007-09-06,1478.550048828125,0.0,49.711934407552086
2007-09-07,1453.550048828125,0.0,43.29218037923177
2007-09-10,1451.699951171875,0.0,39.670782725016274
2007-09-11,1471.489990234375,0.0,37.11934153238932
2007-09-12,1471.56005859375,0.0,39.670782725016274
2007-09-13,1483.949951171875,0.0,44.60905329386393
2007-09-14,1484.25,0.0,47.325103759765625
2007-09-17,1476.6500244140625,0.0,49.3827158610026
2007-09-18,1519.780029296875,0.0,56.6255137125651
2007-09-19,1529.030029296875,0.0,65.26748784383138
2007-09-20,1518.75,0.0,73.25102996826172
2007-09-21,1525.75,0.0,74.73251088460286
2007-09-24,1517.72998046875,0.0,72.67489878336589
2007-09-25,1517.2099609375,0.0,71.60493977864583
2007-09-26,1525.4200439453125,0.0,71.52263641357422
2007-09-27,1531.3800048828125,0.0,74.07407633463542
2007-09-28,1526.75,0.0,75.80246988932292
2007-10-01,1547.0400390625,0.0,78.6831283569336
2007-10-02,1546.6300048828125,0.0,80.24691518147786
2007-10-03,1539.5899658203125,0.0,82.46913655598958
2007-10-04,1542.8399658203125,0.0,82.05761464436848
2007-10-05,1557.5899658203125,0.0,83.29218037923177
2007-10-08,1552.5799560546875,0.0,84.85596720377605
2007-10-09,1565.1500244140625,0.0,86.50205739339192
2007-10-10,1562.469970703125,0.0,86.8312759399414
2007-10-11,1554.4100341796875,0.0,85.84362030029297
2007-10-12,1561.800048828125,0.0,85.34979248046875
2007-10-15,1548.7099609375,0.0,83.12757110595703
2007-10-16,1538.530029296875,0.0,80.90534973144531
2007-10-17,1541.239990234375,64.44444,77.61316935221355
2007-10-18,1540.0799560546875,63.45679,75.47325134277344
2007-10-19,1500.6300048828125,56.04938,68.23045349121094
2007-10-22,1506.3299560546875,59.25926,63.70370356241862
2007-10-23,1519.5899658203125,60.246914,60.16460927327474
2007-10-24,1515.8800048828125,59.25926,62.96296310424805
2007-10-25,1514.4000244140625,59.1133,62.50157165527344
2007-10-26,1535.280029296875,62.80788,63.35259119669596
2007-10-29,1540.97998046875,63.054188,64.1215082804362
2007-10-30,1531.02001953125,61.083748,65.18883260091145
2007-10-31,1549.3800048828125,66.25616,66.4203592936198
2007-11-01,1508.43994140625,55.91133,61.904762268066406
2007-11-02,1509.6500244140625,56.15764,58.04597727457682
2007-11-05,1502.1700439453125,54.18719,50.985223134358726
2007-11-06,1520.27001953125,57.635468,50.82101821899414
2007-11-07,1475.6199951171875,49.261086,46.880130767822266
2007-11-08,1474.77001953125,51.970448,44.334974924723305
2007-11-09,1453.699951171875,48.029556,38.916255950927734
2007-11-12,1439.1800537109375,47.29064,36.28899892171224
2007-11-13,1481.050048828125,54.18719,37.52052688598633
2007-11-14,1470.5799560546875,51.724136,39.08046213785807
2007-11-15,1451.1500244140625,48.89435,40.036633809407554
2007-11-16,1458.739990234375,50.122852,38.03451919555664
2007-11-19,1433.27001953125,45.700245,34.47993405659994
2007-11-20,1439.699951171875,46.928745,32.67813301086426
2007-11-21,1416.77001953125,43.488945,28.419328689575195
2007-11-23,1440.699951171875,46.437347,28.419328689575195
2007-11-26,1407.219970703125,42.26044,26.37182680765788
2007-11-27,1428.22998046875,44.226044,26.699426651000977
2007-11-28,1469.02001953125,51.84275,30.221129099527996
2007-11-29,1469.719970703125,51.597054,35.54463450113932
2007-11-30,1481.1400146484375,53.562653,41.27764129638672
2007-12-03,1472.4200439453125,52.334152,41.76904296875
2007-12-04,1462.7900390625,51.35135,40.950042724609375
2007-12-05,1485.010009765625,54.299755,41.85094197591146
2007-12-06,1507.3399658203125,58.72236,47.25634638468424
2007-12-07,1504.6600341796875,58.96806,54.54545211791992
2007-12-10,1515.9599609375,60.442265,60.44225947062174
2007-12-11,1477.6500244140625,54.299755,56.18345642089844
2007-12-12,1486.5899658203125,55.52825,52.9893544514974
2007-12-13,1488.4100341796875,55.773956,48.239149729410805
2007-12-14,1467.949951171875,50.368546,47.58394877115885
2007-12-17,1445.9000244140625,45.454548,41.68714269002279
2007-12-18,1454.97998046875,46.191647,37.67403793334961
2007-12-19,1453.0,46.683044,35.79033660888672
2007-12-20,1460.1199951171875,48.402946,39.06634012858073
2007-12-21,1484.4599609375,51.84275,43.98034540812174
2007-12-24,1496.449951171875,54.545456,51.4332529703776
2007-12-26,1497.6600341796875,54.299755,57.16625849405924
2007-12-27,1476.27001953125,50.122852,56.10155741373698
2007-12-28,1478.489990234375,49.63145,53.726453145345054
2007-12-31,1468.3599853515625,47.91155,49.795248667399086
2008-01-02,1447.1600341796875,42.401962,44.36254374186198
2008-01-03,1447.1600341796875,40.68627,37.62024180094401
2008-01-04,1411.6300048828125,37.5,28.594772974650066
2008-01-07,1416.1800537109375,38.235294,25.98039372762044
2008-01-08,1390.18994140625,34.80392,22.22222328186035
2008-01-09,1409.1300048828125,36.27451,23.447713216145832
2008-01-10,1420.3299560546875,36.764706,24.591503143310547
2008-01-11,1401.02001953125,35.04902,25.245097478230793
2008-01-14,1416.25,36.764706,25.816993713378906
2008-01-15,1380.949951171875,31.862745,22.467320760091145
2008-01-16,1373.199951171875,30.147058,20.506537119547527
2008-01-17,1333.25,24.019608,15.686275164286295
2008-01-18,1325.18994140625,22.549019,12.336601893107096
2008-01-22,1310.5,19.117647,9.23202641805013
2008-01-23,1338.5999755859375,22.549019,11.601307233174643
2008-01-24,1352.0699462890625,22.549019,13.80718962351481
2008-01-25,1330.6099853515625,20.833332,15.84967295328776
2008-01-28,1353.9599609375,23.284313,16.421568552652996
2008-01-29,1362.300048828125,24.754902,19.19934622446696
2008-01-30,1355.81005859375,23.039215,21.73202641805013
2008-01-31,1378.550048828125,28.431374,25.653594970703125
2008-02-01,1395.4200439453125,34.558823,31.127451578776043
2008-02-04,1380.8199462890625,31.127449,36.111111323038735
2008-02-05,1336.6400146484375,22.794117,33.333333333333336
2008-02-06,1326.449951171875,21.078432,26.71568552652995
2008-02-07,1336.9100341796875,24.019608,23.039215723673504
2008-02-08,1331.2900390625,22.30392,22.303922017415363
2008-02-11,1339.1300048828125,24.019608,23.529412587483723
2008-02-12,1348.8599853515625,25.245098,24.183006922403973
2008-02-13,1367.2099609375,27.941175,29.24836603800456
2008-02-14,1348.8599853515625,23.77451,31.127451578776043
2008-02-15,1349.989990234375,23.284313,32.18954277038574
2008-02-19,1348.780029296875,24.019608,29.738562266031902
2008-02-20,1360.030029296875,25.980392,31.61764653523763
2008-02-21,1342.530029296875,22.058825,31.535947799682617
2008-02-22,1353.1099853515625,23.77451,33.90522893269857
2008-02-25,1371.800048828125,29.166666,37.091504414876304
2008-02-26,1381.2900390625,32.352943,44.281046549479164
2008-02-27,1380.02001953125,30.392159,49.42810567220052
2008-02-28,1367.6800537109375,27.941175,48.7745107014974
2008-02-29,1330.6300048828125,22.30392,41.421569188435875
2008-03-03,1331.3399658203125,23.039215,34.558823903401695
2008-03-04,1326.75,23.284313,30.310457229614258
2008-03-05,1333.699951171875,24.264706,31.781046549479168
2008-03-06,1304.3399658203125,21.078432,29.248366673787434
2008-03-07,1293.3699951171875,18.87255,25.653595606486004
2008-03-10,1273.3699951171875,14.460784,19.03594748179118
2008-03-11,1320.6500244140625,21.323528,21.73202673594157
2008-03-12,1308.77001953125,21.323528,25.081700325012207
2008-03-13,1315.47998046875,21.813725,31.617647806803387
2008-03-14,1288.1400146484375,18.382353,29.57516352335612
2008-03-17,1276.5999755859375,16.136919,27.350703557332356
2008-03-18,1330.739990234375,24.449877,29.930925369262695
2008-03-19,1298.4200439453125,20.243902,32.08499844868978
2008-03-20,1329.510009765625,24.390244,38.977081298828125
2008-03-24,1349.8800048828125,29.268291,42.76422882080078
2008-03-25,1352.989990234375,30.243904,51.38211441040039
2008-03-26,1341.1300048828125,27.317074,55.04065195719401
2008-03-27,1325.760009765625,26.09756,53.25203323364258
2008-03-28,1315.219970703125,23.90244,47.31707509358724
2008-03-31,1322.699951171875,25.121952,44.715447743733726
2008-04-01,1370.1800537109375,34.878048,52.11382166544596
2008-04-02,1367.530029296875,35.121952,62.60162607828776
2008-04-03,1369.31005859375,36.341465,71.05691274007161
2008-04-04,1370.4000244140625,36.585365,71.78861999511719
2008-04-07,1372.5400390625,36.82927,72.19512430826823
2008-04-08,1365.5400390625,35.609756,70.65040842692058
2008-04-09,1354.489990234375,31.707317,66.66666920979817
2008-04-10,1360.550048828125,32.682926,64.30894470214844
2008-04-11,1332.8299560546875,26.82927,59.75609842936198
2008-04-14,1328.3199462890625,26.82927,56.666666666666664
2008-04-15,1334.4300537109375,29.268291,53.08943176269531
2008-04-16,1364.7099609375,38.780487,58.455284118652344
2008-04-17,1365.56005859375,38.04878,64.22764333089192
2008-04-18,1390.3299560546875,43.414635,71.46341451009114
2008-04-21,1388.1700439453125,41.707317,73.0081303914388
2008-04-22,1375.93994140625,37.80488,72.1138203938802
2008-04-23,1379.9300537109375,42.092457,69.69991811116536
2008-04-24,1388.8199462890625,45.012165,68.74745178222656
2008-04-25,1397.8399658203125,47.201946,72.10056559244792
2008-04-28,1396.3699951171875,47.445255,75.34468841552734
2008-04-29,1390.93994140625,46.22871,77.21005757649739
2008-04-30,1385.5899658203125,45.498783,77.0478515625
2008-05-01,1409.3399658203125,52.068127,78.10218811035156
2008-05-02,1413.9000244140625,53.041363,79.72424825032552
2008-05-05,1407.489990234375,50.851585,81.67072041829427
2008-05-06,1418.260009765625,52.79805,81.58961741129558
2008-05-07,1392.5699462890625,47.572815,79.33881123860677
2008-05-08,1397.6800537109375,49.029125,77.33151245117188
2008-05-09,1388.280029296875,48.786407,74.0291239420573
2008-05-12,1403.5799560546875,52.427185,75.24271647135417
2008-05-13,1403.0400390625,52.184467,76.37540435791016
2008-05-14,1408.6600341796875,54.611652,79.04530843098958
2008-05-15,1423.5699462890625,58.980583,80.17799631754558
2008-05-16,1425.3499755859375,58.495148,81.06796264648438
2008-05-19,1426.6300048828125,59.951454,81.39158884684245
2008-05-20,1413.4000244140625,55.582523,79.04530843098958
2008-05-21,1390.7099609375,51.213593,73.86731465657552
2008-05-22,1394.3499755859375,51.213593,68.77022552490234
2008-05-23,1375.9300537109375,47.330097,63.34951527913412
2008-05-27,1385.3499755859375,48.54369,62.783172607421875
2008-05-28,1390.8399658203125,50.970875,62.70226542154948
2008-05-29,1398.260009765625,54.611652,66.42394765218098
2008-05-30,1400.3800048828125,55.339806,68.1229756673177
2008-06-02,1385.6700439453125,49.51456,66.3430404663086
2008-06-03,1377.6500244140625,48.30097,62.459546407063804
2008-06-04,1377.199951171875,51.456306,59.70873896280924
2008-06-05,1404.050048828125,58.25243,63.268609364827476
2008-06-06,1360.6800537109375,45.14563,60.760518391927086
2008-06-09,1361.760009765625,44.902912,57.2006467183431
2008-06-10,1358.43994140625,44.417477,49.91909408569336
2008-06-11,1335.489990234375,39.32039,45.38835016886393
2008-06-12,1339.8699951171875,40.7767,42.313916524251304
2008-06-13,1360.030029296875,44.902912,42.7993532816569
2008-06-16,1360.1400146484375,46.359222,47.00647226969401
2008-06-17,1350.9300537109375,44.0678,47.942083994547524
2008-06-18,1337.81005859375,41.404358,44.51170349121094
2008-06-19,1342.8299560546875,43.583534,42.37288157145182
2008-06-20,1317.9300537109375,39.22518,38.74092102050781
2008-06-23,1318.0,38.256657,35.6739304860433
2008-06-24,1314.2900390625,36.803875,29.297821044921875
2008-06-25,1321.969970703125,39.22518,28.41000747680664
2008-06-26,1283.1500244140625,31.234867,23.64810307820638
2008-06-27,1278.3800048828125,30.266344,20.661823908487957
2008-06-30,1280.0,29.782084,16.06133969624837
2008-07-01,1284.9100341796875,30.266344,15.73849868774414
2008-07-02,1261.52001953125,25.66586,15.173526763916016
2008-07-03,1262.9000244140625,24.939466,13.478611946105957
2008-07-07,1252.31005859375,23.244553,11.218724886576334
2008-07-08,1273.699951171875,29.782084,11.541565895080566
2008-07-09,1244.68994140625,25.66586,12.510088602701822
2008-07-10,1253.3900146484375,27.845037,14.124293645222982
2008-07-11,1239.489990234375,26.392252,13.236481030782064
2008-07-14,1228.300048828125,24.213076,12.429378827412924
2008-07-15,1214.9100341796875,23.244553,11.541565895080566
2008-07-16,1245.3599853515625,28.813559,13.236481348673502
2008-07-17,1260.3199462890625,30.508474,18.159806569417317
2008-07-18,1260.6800537109375,31.96126,22.679580688476562
2008-07-21,1260.0,32.203392,24.85875701904297
2008-07-22,1277.0,35.10896,27.11864407857259
2008-07-23,1282.18994140625,35.835354,31.961259206136067
2008-07-24,1252.5400390625,29.782084,33.5754648844401
2008-07-25,1257.760009765625,30.508474,32.92978286743164
2008-07-28,1234.3699951171875,28.57143,27.92574691772461
2008-07-29,1263.199951171875,33.171913,30.992735544840496
2008-07-30,1284.260009765625,35.35109,34.38256581624349
2008-07-31,1267.3800048828125,34.140434,39.70944341023763
2008-08-01,1260.31005859375,32.44552,39.62873331705729
2008-08-04,1249.010009765625,31.719128,38.4180793762207
2008-08-05,1284.8800048828125,39.951576,42.37288029988607
2008-08-06,1289.18994140625,40.435837,48.58756891886393
2008-08-07,1266.0699462890625,36.803875,51.4931386311849
2008-08-08,1296.3199462890625,45.27845,54.39870834350586
2008-08-11,1305.3199462890625,48.66828,57.62711970011393
2008-08-12,1289.5899658203125,45.03632,62.873284657796226
2008-08-13,1285.8299560546875,44.55206,62.79257456461588
2008-08-14,1292.9300537109375,46.004845,62.38902282714844
2008-08-15,1298.199951171875,48.42615,64.48749033610027
2008-08-18,1278.5999755859375,46.004845,65.37530263264973
2008-08-19,1266.68994140625,41.88862,62.71186447143555
2008-08-20,1274.5400390625,43.825665,59.48345438639323
2008-08-21,1277.719970703125,42.13075,57.4656982421875
2008-08-22,1292.199951171875,47.457626,60.37126795450846
2008-08-25,1266.8399658203125,41.88862,58.99919509887695
2008-08-26,1271.510009765625,42.372883,59.16061528523763
2008-08-27,1281.6600341796875,46.24697,58.192091623942055
2008-08-28,1300.6800537109375,51.33172,64.08393859863281
2008-08-29,1282.8299560546875,46.973366,66.74737803141277
2008-09-02,1277.5799560546875,48.18402,67.71590169270833
2008-09-03,1274.97998046875,46.004845,64.32607014973958
2008-09-04,1236.8299560546875,36.803875,58.59564208984375
2008-09-05,1242.31005859375,37.288136,52.703792572021484
2008-09-08,1267.7900390625,44.55206,52.13882191975912
2008-09-09,1224.510009765625,37.288136,52.30024210611979
2008-09-10,1232.0400390625,37.288136,52.6230837504069
2008-09-11,1249.050048828125,40.920097,50.28248723347982
2008-09-12,1251.699951171875,41.404358,52.058111826578774
2008-09-15,1192.699951171875,32.44552,48.264729817708336
2008-09-16,1213.5999755859375,38.49879,45.43987019856771
2008-09-17,1156.3900146484375,27.602905,36.15819231669108
2008-09-18,1206.510009765625,38.49879,38.09523836771647
2008-09-19,1255.0799560546875,47.699757,39.79015286763509
2008-09-22,1207.0899658203125,33.656174,41.807909647623696
2008-09-23,1188.219970703125,29.29782,37.36884625752767
2008-09-24,1185.8699951171875,28.813559,29.136401494344074
2008-09-25,1209.1800537109375,34.140434,28.974980036417644
2008-09-26,1213.27001953125,34.38257,30.42776362101237
2008-09-29,1106.4200439453125,21.307507,26.47296142578125
2008-09-30,1166.3599853515625,27.360777,23.002421061197918
2008-10-01,1161.06005859375,26.150122,18.48264757792155
2008-10-02,1114.280029296875,18.886198,19.047619183858234
2008-10-03,1099.22998046875,16.707022,15.334947268168131
2008-10-06,1056.8900146484375,9.927361,10.411622047424316
2008-10-07,996.22998046875,6.295399,5.972558339436849
2008-10-08,984.9400024414062,5.0847454,2.824858824412028
2008-10-09,909.9199829101562,0.72639227,0.9685230255126953
2008-10-10,899.219970703125,2.6634383,0.6456820170084635
2008-10-13,1003.3499755859375,7.2639227,0.9685230255126953
2008-10-14,998.010009765625,5.5690074,1.7756255467732747
2008-10-15,907.8400268554688,1.4527845,1.8563357988993328
2008-10-16,946.4299926757812,4.116223,2.0177563031514487
2008-10-17,940.5499877929688,3.6319613,1.8563357988993328
2008-10-20,985.4000244140625,5.0847454,2.582728068033854
2008-10-21,955.0499877929688,4.3583536,2.663438320159912
2008-10-22,896.780029296875,3.3898306,2.2598870595296225
2008-10-23,908.1099853515625,3.1476996,1.372074286142985
2008-10-24,876.77001953125,1.937046,0.8071025212605795
2008-10-27,848.9199829101562,1.6949153,0.6456820170084635
2008-10-28,940.510009765625,4.116223,1.5334947903951008
2008-10-29,930.0900268554688,3.874092,2.4213075637817383
2008-10-30,954.0900268554688,6.295399,4.196933110555013
2008-10-31,968.75,7.990315,6.053269068400065
2008-11-03,966.2999877929688,7.2639227,7.748184521993001
2008-11-04,1005.75,10.169491,10.653753598531088
2008-11-05,952.77001953125,5.0847454,9.36238924662272
2008-11-06,904.8800048828125,4.116223,7.425343036651611
2008-11-07,930.989990234375,5.0847454,4.196932951609294
2008-11-10,919.2100219726562,4.3583536,3.8740921020507812
2008-11-11,898.9500122070312,2.6634383,4.116222858428955
2008-11-12,852.2999877929688,2.1791768,2.905569076538086
2008-11-13,911.2899780273438,4.842615,4.842614968617757
2008-11-14,873.2899780273438,2.905569,5.407586574554443
2008-11-17,850.75,3.1476996,6.133978843688965
2008-11-18,859.1199951171875,2.905569,4.519773801167806
2008-11-19,806.5800170898438,1.937046,3.3898304303487143
2008-11-20,752.4400024414062,0.72639227,2.421307404836019
2008-11-21,800.030029296875,1.937046,1.775625467300415
2008-11-24,851.8099975585938,3.3898306,4.600483973821004
2008-11-25,857.3900146484375,2.6634383,8.474576075871786
2008-11-26,887.6799926757812,4.6004844,13.317191123962402
2008-11-28,896.239990234375,5.3268766,17.514124234517414
2008-12-01,816.2100219726562,1.6949153,15.173526763916016
2008-12-02,848.8099975585938,2.4213076,13.155770619710287
2008-12-03,870.739990234375,3.874092,11.783696492513021
2008-12-04,845.219970703125,2.905569,14.043583552042643
2008-12-05,876.0700073242188,4.6004844,18.240516662597656
2008-12-08,909.7000122070312,5.811138,24.616626103719074
2008-12-09,888.6699829101562,3.1476996,30.508474349975586
2008-12-10,899.239990234375,3.874092,35.02824783325195
2008-12-11,873.5900268554688,2.4213076,31.073445638020832
2008-12-12,879.72998046875,3.3898306,32.84907150268555
2008-12-15,868.5700073242188,3.1476996,30.104923248291016
2008-12-16,913.1799926757812,6.5375304,40.43583552042643
2008-12-17,904.4199829101562,5.811138,47.69975789388021
2008-12-18,885.280029296875,5.0847454,55.36723073323568
2008-12-19,887.8800048828125,5.811138,55.36723073323568
2008-12-22,871.6300048828125,5.0847454,51.97740046183268
2008-12-23,863.1599731445312,5.0847454,48.74899164835612
2008-12-24,868.1500244140625,5.3268766,45.60129165649414
2008-12-26,872.7999877929688,5.3268766,46.89265441894531
2008-12-29,869.4199829101562,5.0847454,47.86117680867513
2008-12-30,890.6400146484375,5.811138,52.058109283447266
2008-12-31,903.25,7.0217915,58.35351053873698
2009-01-02,931.7999877929688,9.68523,69.81436665852864
2009-01-05,927.4500122070312,9.200969,76.59402720133464
2009-01-06,934.7000122070312,8.232446,81.19451141357422
2009-01-07,906.6500244140625,6.053269,79.98385620117188
2009-01-08,909.72998046875,6.779661,77.96610005696614
2009-01-09,890.3499755859375,5.5690074,72.96206410725911
2009-01-12,870.260009765625,4.842615,66.6666653951009
2009-01-13,871.7899780273438,4.116223,60.774818420410156
2009-01-14,842.6199951171875,2.905569,50.201775868733726
2009-01-15,843.739990234375,3.6319613,46.166263580322266
2009-01-16,850.1199951171875,5.0847454,45.60129038492838
2009-01-20,805.219970703125,3.3898306,43.74495379130045
2009-01-21,840.239990234375,5.5690074,44.8748976389567
2009-01-22,827.5,5.0847454,40.19370460510254
2009-01-23,831.9500122070312,4.6004844,43.9870859781901
2009-01-26,836.5700073242188,5.811138,42.85714213053385
2009-01-27,845.7100219726562,6.053269,46.408392588297524
2009-01-28,874.0900268554688,7.990315,54.640838623046875
2009-01-29,845.1400146484375,5.811138,56.0129140218099
2009-01-30,825.8800048828125,5.5690074,52.38095219930013
2009-02-02,825.4400024414062,6.5375304,44.14850616455078
2009-02-03,838.510009765625,7.506053,44.552056630452476
2009-02-04,832.22998046875,7.2639227,46.89265441894531
2009-02-05,845.8499755859375,7.990315,51.17029698689779
2009-02-06,868.5999755859375,9.200969,54.72154744466146
2009-02-09,869.8900146484375,9.200969,59.32203165690104
2009-02-10,827.1599731445312,5.811138,55.69007237752279
2009-02-11,833.739990234375,6.5375304,50.12106577555338
2009-02-12,835.1900024414062,7.748184,44.874899546305336
2009-02-13,826.8400268554688,8.232446,44.47134780883789
2009-02-17,789.1699829101562,5.0847454,37.93381690979004
2009-02-18,788.4199829101562,4.6004844,30.589184443155926
2009-02-19,778.9400024414062,4.6004844,23.486682256062824
2009-02-20,770.0499877929688,4.6004844,21.872477213541668
2009-02-23,743.3300170898438,3.1476996,18.321226437886555
2009-02-24,773.1400146484375,4.6004844,17.110573132832844
2009-02-25,764.9000244140625,3.3898306,16.142050743103027
2009-02-26,752.8300170898438,2.6634383,15.980629920959473
2009-02-27,735.0900268554688,2.4213076,14.043583552042643
2009-03-02,700.8200073242188,1.6949153,10.895883719126383
2009-03-03,696.3300170898438,1.6949153,8.878127733866373
2009-03-04,712.8699951171875,2.1791768,8.313155810038248
2009-03-05,682.5499877929688,1.6949153,7.990314642588298
2009-03-06,683.3800048828125,1.4527845,8.071024894714355
2009-03-09,676.530029296875,1.4527845,7.021791776021321
2009-03-10,719.5999755859375,2.4213076,9.200968742370605
2009-03-11,721.3599853515625,2.6634383,12.348668098449707
2009-03-12,750.739990234375,4.116223,17.836964925130207
2009-03-13,756.5499877929688,3.874092,21.549636205037434
2009-03-16,753.8900146484375,3.1476996,23.809523900349934
2009-03-17,778.1199951171875,4.6004844,27.60290590922038
2009-03-18,794.3499755859375,6.779661,34.463277180989586
2009-03-19,784.0399780273438,6.295399,40.92009735107422
2009-03-20,768.5399780273438,5.0847454,41.24293772379557
2009-03-23,822.9199829101562,10.169491,47.21549733479818
2009-03-24,806.1199951171875,7.748184,52.058111826578774
2009-03-25,813.8800048828125,8.474577,60.20984776814779
2009-03-26,832.8599853515625,12.348668,63.599676767985024
2009-03-27,815.9400024414062,9.927361,66.1016960144043
2009-03-30,787.530029296875,7.748184,63.680389404296875
2009-03-31,797.8699951171875,9.443099,58.272804260253906
2009-04-01,811.0800170898438,11.622276,58.272804260253906
2009-04-02,834.3800048828125,14.527845,66.82808939615886
2009-04-03,842.5,17.917677,74.97982279459636
2009-04-06,835.47998046875,14.285715,80.06456756591797
2009-04-07,815.5499877929688,11.622276,78.45036315917969
2009-04-08,825.1599731445312,14.527845,77.48184204101562
2009-04-09,856.5599975585938,21.065374,79.74172719319661
2009-04-13,858.72998046875,21.307507,83.77723948160808
2009-04-14,841.5,17.191284,85.39144388834636
2009-04-15,852.0599975585938,20.581114,85.23002624511719
2009-04-16,865.2999877929688,26.392252,86.03712717692058
2009-04-17,869.5999755859375,28.087166,88.29701487223308
2009-04-20,832.3900146484375,16.707022,87.48991139729817
2009-04-21,850.0800170898438,23.486683,86.6828104654948
2009-04-22,843.5499877929688,23.244553,85.068603515625
2009-04-23,851.9199829101562,23.728813,85.39144388834636
2009-04-24,866.22998046875,28.087166,85.31073506673177
2009-04-27,857.510009765625,27.360777,85.79499816894531
2009-04-28,855.1599731445312,27.602905,86.44067891438802
2009-04-29,873.6400146484375,34.140434,88.37772369384766
2009-04-30,872.8099975585938,36.319614,89.10411580403645
2009-05-01,877.52001953125,35.59322,90.63761138916016
2009-05-04,907.239990234375,45.52058,90.96045176188152
2009-05-05,903.7999877929688,43.583534,92.4939448038737
2009-05-06,919.530029296875,44.0678,93.46246846516927
2009-05-07,907.3900146484375,40.193703,93.38175710042317
2009-05-08,929.22998046875,49.152542,93.38175710042317
2009-05-11,909.239990234375,41.404358,92.4939448038737
2009-05-12,908.3499755859375,40.920097,91.52542368570964
2009-05-13,883.9199829101562,28.57143,86.76351928710938
2009-05-14,893.0700073242188,33.414043,83.69653065999348
2009-05-15,882.8800048828125,31.96126,78.77320607503255
2009-05-18,909.7100219726562,44.0678,80.06457010904948
2009-05-19,908.1300048828125,42.857143,80.06457010904948
2009-05-20,903.469970703125,42.857143,81.84019470214844
2009-05-21,888.3300170898438,37.530266,78.20823415120442
2009-05-22,887.0,37.530266,74.41485087076823
2009-05-26,910.3300170898438,48.42615,75.14124298095703
2009-05-27,893.0599975585938,42.615013,75.3833719889323
2009-05-28,906.8300170898438,45.52058,76.99757639567058
2009-05-29,919.1400146484375,51.81598,76.6747334798177
2009-06-01,942.8699951171875,62.469734,82.16303253173828
2009-06-02,944.739990234375,65.61744,86.76351674397786
2009-06-03,931.760009765625,61.01695,88.21630350748698
2009-06-04,942.4600219726562,63.92252,87.48990885416667
2009-06-05,940.0900268554688,62.953995,86.35996754964192
2009-06-08,939.1400146484375,62.2276,86.19854736328125
2009-06-09,942.4299926757812,63.438255,85.39144643147786
2009-06-10,939.1500244140625,63.680386,84.66505177815755
2009-06-11,944.8900146484375,63.92252,83.77723693847656
2009-06-12,946.2100219726562,67.07021,83.05084482828777
2009-06-15,923.719970703125,60.290558,78.77320098876953
2009-06-16,911.969970703125,57.384987,72.07425181070964
2009-06-17,910.7100219726562,57.384987,64.56819915771484
2009-06-18,918.3699951171875,61.985474,62.14689254760742
2009-06-19,921.22998046875,63.19613,62.873284657796226
2009-06-22,893.0399780273438,55.44794,57.78853861490885
2009-06-23,895.0999755859375,56.416466,50.76674779256185
2009-06-24,900.9400024414062,59.079903,45.197739919026695
2009-06-25,920.260009765625,68.76514,50.92816670735677
2009-06-26,918.9000244140625,68.76514,57.0621452331543
2009-06-29,927.22998046875,71.67071,62.38902282714844
2009-06-30,919.3200073242188,71.42857,61.904763539632164
2009-07-01,923.3300170898438,73.60775,62.95399729410807
2009-07-02,896.4199829101562,62.2276,56.49717712402344
2009-07-06,898.719970703125,66.10169,51.65456008911133
2009-07-07,881.030029296875,56.416466,41.323647816975914
2009-07-08,879.5599975585938,55.932205,36.400322596232094
2009-07-09,882.6799926757812,58.35351,31.31557782491048
2009-07-10,879.1300048828125,57.384987,30.58918571472168
2009-07-13,901.0499877929688,66.82809,35.83535130818685
2009-07-14,905.8400268554688,69.975784,42.05004119873047
2009-07-15,932.6799926757812,76.99758,54.07586669921875
2009-07-16,940.739990234375,79.90315,63.35754521687826
2009-07-17,940.3800048828125,77.23971,69.81436411539714
2009-07-20,951.1300048828125,83.05085,73.76916758219402
2009-07-21,954.5800170898438,83.77724,75.46408335367839
2009-07-22,954.0700073242188,84.98789,78.77320353190105
2009-07-23,976.2899780273438,88.37772,81.11380259195964
2009-07-24,979.260009765625,89.10412,84.10007985432942
2009-07-27,982.1799926757812,88.1356,86.92493693033855
2009-07-28,979.6199951171875,89.346245,87.32848612467448
2009-07-29,975.1500244140625,89.10412,87.00564575195312
2009-07-30,986.75,89.830505,87.57062021891277
2009-07-31,987.47998046875,89.58838,88.21630350748698
2009-08-03,1002.6300048828125,91.283295,89.83051045735677
2009-08-04,1005.6500244140625,92.49394,90.63761138916016
2009-08-05,1002.719970703125,92.49394,90.55690002441406
2009-08-06,997.0800170898438,90.57971,89.03412628173828
2009-08-07,1010.47998046875,92.99516,88.15528361002605
2009-08-10,1007.0999755859375,93.23672,87.76167551676433
2009-08-11,994.3499755859375,91.062805,87.27858479817708
2009-08-12,1005.8099975585938,92.27053,87.0370381673177
2009-08-13,1012.72998046875,92.99516,87.52013142903645
2009-08-14,1004.0900268554688,92.27053,87.68116251627605
2009-08-17,979.72998046875,90.57971,84.5410639444987
2009-08-18,989.6699829101562,91.54589,82.04508972167969
2009-08-19,996.4600219726562,92.753624,81.80354309082031
2009-08-20,1007.3699951171875,93.96135,84.94364166259766
2009-08-21,1026.1300048828125,96.13526,89.04991912841797
2009-08-24,1025.5699462890625,95.652176,91.86795552571614
2009-08-25,1028.0,96.13526,93.47825876871745
2009-08-26,1028.1199951171875,96.376816,93.31723022460938
2009-08-27,1030.97998046875,96.13526,93.15619659423828
2009-08-28,1028.9300537109375,96.376816,92.75362141927083
2009-08-31,1020.6199951171875,95.652176,91.14331309000652
2009-09-01,998.0399780273438,94.202896,87.52012634277344
2009-09-02,994.75,93.23672,83.4943618774414
2009-09-03,1003.239990234375,93.96135,80.99838765462239
2009-09-04,1016.4000244140625,94.927536,82.7697245279948
2009-09-08,1025.3900146484375,95.16908,85.66827646891277
2009-09-09,1033.3699951171875,95.16908,88.48631286621094
2009-09-10,1044.1400146484375,95.41063,89.7745590209961
2009-09-11,1042.72998046875,95.16908,90.33816528320312
2009-09-14,1049.3399658203125,96.13526,91.06280263264973
2009-09-15,1052.6300048828125,96.13526,91.06280263264973
2009-09-16,1068.760009765625,97.342995,92.10950215657552
2009-09-17,1065.489990234375,96.61836,92.02898661295573
2009-09-18,1068.300048828125,97.342995,92.2705307006836
2009-09-21,1064.6600341796875,97.10145,91.78743743896484
2009-09-22,1071.6600341796875,97.10145,91.38486226399739
2009-09-23,1060.8699951171875,96.61836,90.33816528320312
2009-09-24,1050.780029296875,96.61836,87.27858479817708
2009-09-25,1044.3800048828125,95.89372,83.17230224609375
2009-09-28,1062.97998046875,97.10145,81.8035405476888
2009-09-29,1060.6099853515625,96.8599,82.12560272216797
2009-09-30,1057.0799560546875,95.89372,83.01127370198567
2009-10-01,1029.8499755859375,94.68599,75.12077458699544
2009-10-02,1025.2099609375,93.23672,65.05636088053386
2009-10-05,1040.4599609375,93.7198,60.386474609375
2009-10-06,1054.719970703125,94.68599,64.00966517130534
2009-10-07,1057.5799560546875,93.9759,69.74992116292317
2009-10-08,1065.47998046875,94.93976,72.74858093261719
2009-10-09,1071.489990234375,95.66265,75.02008056640625
2009-10-12,1076.18994140625,95.66265,78.1526107788086
2009-10-13,1073.18994140625,95.66265,78.87550354003906
2009-10-14,1092.02001953125,96.86747,81.04417673746745
2009-10-15,1096.56005859375,97.349396,83.13253021240234
2009-10-16,1087.6800537109375,96.385544,84.89959716796875
2009-10-19,1097.9100341796875,97.10844,85.46184794108073
2009-10-20,1091.06005859375,96.62651,83.53413645426433
2009-10-21,1081.4000244140625,94.69879,79.51807149251302
2009-10-22,1092.9100341796875,95.421684,77.26907602945964
2009-10-23,1079.5999755859375,95.18072,73.41365559895833
2009-10-26,1066.949951171875,93.01205,70.12048467000325
2009-10-27,1063.4100341796875,92.77108,62.1686757405599
2009-10-28,1042.6300048828125,91.3253,52.1285146077474
2009-10-29,1066.1099853515625,92.77108,49.0763053894043
2009-10-30,1036.18994140625,88.6747,41.204819997151695
2009-11-02,1042.8800048828125,90.36144,40.72289148966471
2009-11-03,1045.4100341796875,89.87952,37.429718017578125
2009-11-04,1046.5,88.915665,40.481927235921226
2009-11-05,1066.6300048828125,91.80723,47.63052113850912
2009-11-06,1069.300048828125,91.56626,53.25300979614258
2009-11-09,1093.0799560546875,93.25301,63.37349065144857
2009-11-10,1093.010009765625,92.289154,68.11244710286458
2009-11-11,1098.510009765625,93.73494,73.65461730957031
2009-11-12,1087.239990234375,92.77108,71.8875503540039
2009-11-13,1093.47998046875,93.02885,70.4668680826823
2009-11-16,1109.300048828125,93.02885,71.28765106201172
2009-11-17,1110.3199462890625,92.54808,74.59936014811198
2009-11-18,1109.800048828125,92.56595,76.62274169921875
2009-11-19,1094.9000244140625,92.086334,72.40361785888672
2009-11-20,1091.3800048828125,91.84653,67.38609186808269
2009-11-23,1106.239990234375,92.32614,65.78737258911133
2009-11-24,1105.6500244140625,92.32614,66.26698939005534
2009-11-25,1110.6300048828125,92.805756,68.82494354248047
2009-11-27,1091.489990234375,91.1271,64.50839360555013
2009-11-30,1095.6300048828125,91.366905,63.3093516031901
2009-12-01,1108.8599853515625,92.56595,63.06954447428385
2009-12-02,1109.239990234375,92.56595,68.42526117960612
2009-12-03,1099.9200439453125,92.32614,69.62430318196614
2009-12-04,1105.97998046875,92.32614,71.46283213297527
2009-12-07,1103.25,92.56595,71.06315358479817
2009-12-08,1091.93994140625,91.60671,71.1430892944336
2009-12-09,1095.949951171875,92.32614,69.14468892415364
2009-12-10,1102.3499755859375,91.84653,68.82494354248047
2009-12-11,1106.4100341796875,92.32614,70.90327962239583
2009-12-14,1114.1099853515625,92.56595,74.02078501383464
2009-12-15,1107.9300537109375,91.1271,74.90008036295573
2009-12-16,1109.1800537109375,90.88729,75.29976145426433
2009-12-17,1096.0799560546875,90.40768,72.58193461100261
2009-12-18,1102.469970703125,91.1271,71.94244639078777
2009-12-21,1114.050048828125,91.60671,72.82174173990886
2009-12-22,1118.02001953125,92.32614,75.85931142171223
2009-12-23,1120.5899658203125,92.086334,79.05675506591797
2009-12-24,1126.47998046875,92.805756,81.21502939860027
2009-12-28,1127.780029296875,92.805756,82.7338155110677
2009-12-29,1126.199951171875,92.805756,83.45323944091797
2009-12-30,1126.4200439453125,92.805756,83.37330373128255
2009-12-31,1115.0999755859375,91.366905,81.29496510823567
2010-01-04,1132.989990234375,92.56595,81.77458190917969
2010-01-05,1136.52001953125,93.31743,82.59645334879558
2010-01-06,1137.1400146484375,93.55609,85.41749064127605
2010-01-07,1141.68994140625,93.794754,85.99840799967448
2010-01-08,1144.97998046875,93.55609,86.31662495930989
2010-01-11,1146.97998046875,93.794754,87.03261311848958
2010-01-12,1136.219970703125,92.840096,85.91885121663411
2010-01-13,1145.6800537109375,93.31743,85.83929697672527
2010-01-14,1148.4599609375,93.55609,84.80508931477864
2010-01-15,1136.030029296875,93.07876,82.33890024820964
2010-01-19,1150.22998046875,94.27208,81.22513834635417
2010-01-20,1138.0400390625,94.03342,78.59984079996745
2010-01-21,1116.47998046875,91.885445,74.0652338663737
2010-01-22,1091.760009765625,89.26014,60.06364313761393
2010-01-25,1096.780029296875,90.45346,49.96022288004557
2010-01-26,1092.1700439453125,88.30549,43.118536631266274
2010-01-27,1097.5,88.30549,44.550516764322914
2010-01-28,1084.530029296875,86.63484,40.811456044514976
2010-01-29,1073.8699951171875,83.53222,36.51551310221354
2010-02-01,1089.18994140625,87.11217,34.04932403564453
2010-02-02,1103.3199462890625,88.066826,38.66348393758138
2010-02-03,1097.280029296875,87.11217,43.91408030192057
2010-02-04,1063.1099853515625,79.95227,38.743038177490234
2010-02-05,1066.18994140625,81.145584,30.310262044270832
2010-02-08,1056.739990234375,76.84964,21.87748654683431
2010-02-09,1070.52001953125,80.429596,22.19570477803548
2010-02-10,1068.1300048828125,79.95227,21.957041422526043
2010-02-11,1078.469970703125,81.190475,25.275031407674152
2010-02-12,1075.510009765625,80.71429,27.081676483154297
2010-02-16,1094.8699951171875,84.28571,34.5238094329834
2010-02-17,1099.510009765625,84.04762,41.19047609965006
2010-02-18,1106.75,85.47619,50.476189931233726
2010-02-19,1109.1700439453125,86.42857,55.63492075602213
2010-02-22,1108.010009765625,85.47619,59.0476188659668
2010-02-23,1094.5999755859375,84.04762,55.71428553263346
2010-02-24,1105.239990234375,84.52381,54.28571319580078
2010-02-25,1102.93994140625,84.04762,52.30158615112305
2010-02-26,1104.489990234375,83.809525,54.76190439860026
2010-03-01,1115.7099609375,84.7619,57.61904780069987
2010-03-02,1118.31005859375,85.47619,62.5396842956543
2010-03-03,1118.7900390625,85.952385,67.61904907226562
2010-03-04,1122.969970703125,86.42857,69.44444529215495
2010-03-05,1138.699951171875,88.333336,73.57142893473308
2010-03-08,1138.5,89.52381,77.38095347086589
2010-03-09,1140.449951171875,89.76191,80.23809814453125
2010-03-10,1145.6099853515625,90.2381,80.7936528523763
2010-03-11,1150.239990234375,90.47619,82.06349182128906
2010-03-12,1149.989990234375,90.0,83.25396728515625
2010-03-15,1150.510009765625,89.52381,83.25396728515625
2010-03-16,1159.4599609375,90.95238,84.04761759440105
2010-03-17,1166.2099609375,91.90476,86.58730061848958
2010-03-18,1165.8299560546875,92.14285,89.28571319580078
2010-03-19,1159.9000244140625,90.95238,89.84127044677734
2010-03-22,1165.81005859375,91.90476,90.0
2010-03-23,1174.1700439453125,92.14285,90.07936604817708
2010-03-24,1167.719970703125,91.190475,90.47619120279948
2010-03-25,1165.72998046875,90.2381,89.68254089355469
2010-03-26,1166.5899658203125,90.47619,88.80952453613281
2010-03-29,1173.219970703125,91.42857,88.96825408935547
2010-03-30,1173.27001953125,90.71429,89.60317484537761
2010-03-31,1169.4300537109375,90.0,90.23809560139973
2010-04-01,1178.0999755859375,91.42857,90.55555725097656
2010-04-05,1187.43994140625,91.42857,91.26984151204427
2010-04-06,1189.43994140625,91.42857,91.82539876302083
2010-04-07,1182.449951171875,90.71429,91.03174591064453
2010-04-08,1186.43994140625,90.95238,89.28571319580078
2010-04-09,1194.3699951171875,92.14285,88.65079243977864
2010-04-12,1196.47998046875,92.61905,88.96825408935547
2010-04-13,1197.300048828125,91.90476,89.68254089355469
2010-04-14,1210.6500244140625,93.333336,90.0
2010-04-15,1211.6700439453125,92.14285,90.15872955322266
2010-04-16,1192.1300048828125,90.71429,88.49206288655598
2010-04-19,1197.52001953125,90.71429,86.42857106526692
2010-04-20,1207.1700439453125,92.14285,85.47619120279948
2010-04-21,1205.93994140625,91.190475,86.50793711344402
2010-04-22,1208.6700439453125,90.95238,86.98412831624348
2010-04-23,1217.280029296875,91.90476,86.19047546386719
2010-04-26,1212.050048828125,90.95238,85.23809560139973
2010-04-27,1183.7099609375,87.85715,82.46031697591145
2010-04-28,1191.3599853515625,89.311165,80.09671020507812
2010-04-29,1206.780029296875,89.786224,79.15884399414062
2010-04-30,1186.68994140625,88.12352,77.9889144897461
2010-05-03,1202.260009765625,88.836105,78.30561828613281
2010-05-04,1173.5999755859375,85.03563,72.44655354817708
2010-05-05,1165.8699951171875,84.56057,67.45842997233073
2010-05-06,1128.1500244140625,75.29691,51.86064783732096
2010-05-07,1110.8800048828125,70.308784,36.57957077026367
2010-05-10,1159.72998046875,81.94775,34.04592259724935
2010-05-11,1155.7900390625,80.52257,39.19239934285482
2010-05-12,1171.6700439453125,84.08551,53.602532704671226
2010-05-13,1157.43994140625,81.47269,54.71100362141927
2010-05-14,1135.6800537109375,75.77197,51.46476491292318
2010-05-17,1136.93994140625,76.72209,43.94299189249674
2010-05-18,1120.800048828125,74.346794,34.679334004720054
2010-05-19,1115.050048828125,72.20902,29.61203447977702
2010-05-20,1071.5899658203125,56.057007,19.160728454589844
2010-05-21,1087.68994140625,61.045128,13.8558988571167
2010-05-24,1073.6500244140625,56.532066,9.580364227294922
2010-05-25,1074.030029296875,54.869358,10.134600003560385
2010-05-26,1067.949951171875,54.3943,9.580363909403482
2010-05-27,1103.06005859375,66.50831,13.935075124104818
2010-05-28,1089.4100341796875,62.945366,16.46872552235921
2010-06-01,1070.7099609375,54.3943,17.339667956034344
2010-06-02,1098.3800048828125,63.89549,16.943785031636555
2010-06-03,1102.8299560546875,64.37055,19.63578764597575
2010-06-04,1064.8800048828125,51.781475,19.714964230855305
2010-06-07,1050.469970703125,43.705463,15.281076431274414
2010-06-08,1062.0,48.21853,10.609659512837728
2010-06-09,1055.68994140625,46.79335,10.292953173319498
2010-06-10,1086.8399658203125,57.719715,14.885194142659506
2010-06-11,1091.5999755859375,58.907364,20.11084779103597
2010-06-14,1089.6300048828125,60.332542,25.49485460917155
2010-06-15,1115.22998046875,68.009476,33.297122955322266
2010-06-16,1114.6099853515625,66.35071,39.59522310892741
2010-06-17,1116.0400390625,66.35071,46.603474934895836
2010-06-18,1117.510009765625,66.58768,47.551343282063804
2010-06-21,1113.199951171875,64.69194,47.70932261149088
2010-06-22,1095.31005859375,59.478672,41.39020665486654
2010-06-23,1092.0400390625,59.478672,34.20221201578776
2010-06-24,1073.68994140625,52.369667,25.592416763305664
2010-06-25,1076.760009765625,54.976303,23.933648427327473
2010-06-28,1074.5699462890625,54.976303,23.30173683166504
2010-06-29,1041.239990234375,40.189125,19.976172129313152
2010-06-30,1030.7099609375,37.588654,14.046586672465006
2010-07-01,1027.3699951171875,36.17021,7.801418781280518
2010-07-02,1022.5800170898438,32.624115,6.855791886647542
2010-07-06,1028.06005859375,33.333336,7.722616036732991
2010-07-07,1060.27001953125,45.153664,13.790385882059732
2010-07-08,1070.25,49.64539,22.064617156982422
2010-07-09,1077.9599609375,52.955086,31.914892832438152
2010-07-12,1078.75,51.536644,36.64302444458008
2010-07-13,1095.3399658203125,58.156025,44.365641276041664
2010-07-14,1095.1700439453125,57.91962,50.27580769856771
2010-07-15,1096.47998046875,57.78302,55.669857025146484
2010-07-16,1064.8800048828125,47.877357,48.55089569091797
2010-07-19,1071.25,50.70755,42.84591293334961
2010-07-20,1083.47998046875,54.00943,41.03773625691732
2010-07-21,1069.5899658203125,50.0,43.396226247151695
2010-07-22,1093.6700439453125,58.25472,50.94339497884115
2010-07-23,1102.6600341796875,62.73585,57.78301874796549
2010-07-26,1115.010009765625,65.80189,69.96855290730794
2010-07-27,1113.8399658203125,64.38679,74.52830251057942
2010-07-28,1106.1300048828125,61.084908,74.92138417561848
2010-07-29,1101.530029296875,60.84906,72.32704416910808
2010-07-30,1101.5999755859375,61.084908,70.44025166829427
2010-08-02,1125.8599853515625,66.98113,72.79874165852864
2010-08-03,1120.4599609375,64.62264,74.29245249430339
2010-08-04,1127.239990234375,66.50943,76.57232666015625
2010-08-05,1125.81005859375,66.27358,75.78616333007812
2010-08-06,1121.6400146484375,64.94118,76.12005360921223
2010-08-09,1127.7900390625,66.82353,76.68701680501302
2010-08-10,1121.06005859375,64.70589,75.92156982421875
2010-08-11,1089.469970703125,53.882355,68.70588302612305
2010-08-12,1083.6099853515625,52.235294,58.43137232462565
2010-08-13,1079.25,50.588238,48.94117736816406
2010-08-16,1079.3800048828125,50.588238,46.11764780680338
2010-08-17,1092.5400390625,56.70588,49.01960754394531
2010-08-18,1094.1600341796875,57.88235,53.09803899129232
2010-08-19,1075.6300048828125,51.529415,52.470587412516274
2010-08-20,1071.68994140625,50.588238,47.37254842122396
2010-08-23,1067.3599853515625,47.764706,41.17646916707357
2010-08-24,1051.8699951171875,41.17647,37.09803835550944
2010-08-25,1055.3299560546875,42.117645,34.901960372924805
2010-08-26,1047.219970703125,40.47059,32.54902013142904
2010-08-27,1064.5899658203125,48.0,37.098039627075195
2010-08-30,1048.9200439453125,40.705883,36.78431383768717
2010-08-31,1049.3299560546875,42.117645,37.88235219319662
2010-09-01,1080.2900390625,52.235294,41.6470578511556
2010-09-02,1090.0999755859375,54.82353,51.215685526529946
2010-09-03,1104.510009765625,58.588238,64.0
2010-09-07,1091.8399658203125,54.11765,66.66666666666667
2010-09-08,1098.8699951171875,56.70588,68.62745157877605
2010-09-09,1104.1800537109375,57.88235,67.84313710530598
2010-09-10,1109.550048828125,60.47059,70.35294087727864
2010-09-13,1121.9000244140625,63.7647,73.96078236897786
2010-09-14,1121.0999755859375,64.47059,76.62744903564453
2010-09-15,1125.0699462890625,64.94118,79.84313456217448
2010-09-16,1124.6600341796875,64.70589,79.76470438639323
2010-09-17,1125.5899658203125,65.64706,79.21568552652995
2010-09-20,1142.7099609375,69.882355,80.54901885986328
2010-09-21,1139.780029296875,68.70588,82.27450815836589
2010-09-22,1134.280029296875,67.29411,82.66666412353516
2010-09-23,1124.8299560546875,64.23529,78.50980122884114
2010-09-24,1148.6700439453125,71.05882,78.82352701822917
2010-09-27,1142.1600341796875,70.35294,79.92156728108723
2010-09-28,1147.699951171875,71.29411,83.68627421061198
2010-09-29,1144.72998046875,72.0,83.05882517496745
2010-09-30,1141.199951171875,71.05882,83.45098114013672
2010-10-01,1146.239990234375,72.23529,83.92156982421875
2010-10-04,1137.030029296875,69.17647,83.92156982421875
2010-10-05,1160.75,74.82353,86.50980631510417
2010-10-06,1159.969970703125,74.117645,87.76470692952473
2010-10-07,1158.06005859375,73.64706,89.25490061442058
2010-10-08,1165.1500244140625,74.588234,88.70587921142578
2010-10-11,1165.3199462890625,74.588234,88.62744903564453
2010-10-12,1169.77001953125,76.0,89.88235219319661
2010-10-13,1178.0999755859375,78.35294,90.90196228027344
2010-10-14,1173.81005859375,76.0,91.45098114013672
2010-10-15,1176.18994140625,76.47059,91.21568806966145
2010-10-18,1184.7099609375,77.64706,90.82352956136067
2010-10-19,1165.9000244140625,73.882355,90.03921763102214
2010-10-20,1178.1700439453125,76.47059,89.56862894694011
2010-10-21,1180.260009765625,76.94118,89.64705912272136
2010-10-22,1183.0799560546875,76.47059,90.35294087727864
2010-10-25,1185.6199951171875,78.117645,91.05882263183594
2010-10-26,1185.6400146484375,76.94118,90.27451070149739
2010-10-27,1182.449951171875,77.882355,89.33333333333333
2010-10-28,1183.780029296875,78.82353,87.1372553507487
2010-10-29,1183.260009765625,78.35294,85.72549184163411
2010-11-01,1184.3800048828125,78.35294,84.47059122721355
2010-11-02,1193.5699462890625,80.2353,85.4117660522461
2010-11-03,1197.9599609375,80.47059,86.27451070149739
2010-11-04,1221.06005859375,84.47059,88.7058817545573
2010-11-05,1225.8499755859375,85.411766,89.09804026285808
2010-11-08,1223.25,84.70589,89.4117660522461
2010-11-09,1213.4000244140625,82.588234,86.50980631510417
2010-11-10,1218.7099609375,83.05882,85.33333587646484
2010-11-11,1213.5400390625,82.588234,83.52941131591797
2010-11-12,1199.2099609375,80.70588,82.03921508789062
2010-11-15,1197.75,80.47059,79.1372553507487
2010-11-16,1178.3399658203125,75.05882,72.6274528503418
2010-11-17,1178.5899658203125,74.82353,67.76470692952473
2010-11-18,1196.68994140625,76.76057,66.06149291992188
2010-11-19,1199.72998046875,77.46479,69.0636100769043
2010-11-22,1197.8399658203125,77.46479,71.83098602294922
2010-11-23,1180.72998046875,74.178406,68.93583679199219
2010-11-24,1198.3499755859375,78.169014,68.62284851074219
2010-11-26,1189.4000244140625,76.99531,67.13615163167317
2010-11-29,1187.760009765625,75.35211,67.84037780761719
2010-11-30,1180.550048828125,74.41315,64.31924947102864
2010-12-01,1206.0699462890625,79.10798,66.19718170166016
2010-12-02,1221.530029296875,82.863846,71.1267573038737
2010-12-03,1224.7099609375,84.50704,77.69952901204427
2010-12-06,1223.1199951171875,83.80282,80.2034428914388
2010-12-07,1223.75,84.30913,79.82888285319011
2010-12-08,1228.280029296875,85.94848,78.98538716634114
2010-12-09,1233.0,87.11944,78.37626647949219
2010-12-10,1240.4000244140625,88.056206,79.54722595214844
2010-12-13,1240.4599609375,88.75878,80.5620600382487
2010-12-14,1241.5899658203125,89.46136,81.88914744059245
2010-12-15,1235.22998046875,87.38318,80.26749674479167
2010-12-16,1242.8699951171875,88.31776,79.73709869384766
2010-12-17,1243.9100341796875,88.5514,79.12772623697917
2010-12-20,1247.0799560546875,89.48598,80.99688466389973
2010-12-21,1254.5999755859375,90.42056,82.7102788289388
2010-12-22,1258.8399658203125,90.42056,83.95638529459636
2010-12-23,1256.77001953125,90.42056,83.72274017333984
2010-12-27,1257.5400390625,90.18692,83.17756907145183
2010-12-28,1258.510009765625,89.48598,82.86604309082031
2010-12-29,1259.780029296875,90.42056,83.56697845458984
2010-12-30,1257.8800048828125,89.71962,84.19003041585286
2010-12-31,1257.6400146484375,89.95327,84.03426615397136
2011-01-03,1271.8699951171875,90.18692,85.12460835774739
2011-01-04,1270.199951171875,89.71962,85.2024917602539
2011-01-05,1276.56005859375,91.1215,85.51401774088542
2011-01-06,1273.8499755859375,91.822426,83.17756907145183
2011-01-07,1271.5,90.18692,81.46417236328125
2011-01-10,1269.75,90.18692,79.82865905761719
2011-01-11,1274.47998046875,90.654205,79.82865905761719
2011-01-12,1285.9599609375,91.1215,81.07476552327473
2011-01-13,1283.760009765625,90.88785,82.00934600830078
2011-01-14,1293.239990234375,92.75701,82.71028137207031
2011-01-18,1295.02001953125,93.2243,83.33333587646484
2011-01-19,1281.9200439453125,92.28972,82.71028137207031
2011-01-20,1280.260009765625,92.75701,81.85358174641927
2011-01-21,1283.3499755859375,92.056076,79.20560455322266
2011-01-24,1290.8399658203125,92.990654,79.90653991699219
2011-01-25,1291.1800537109375,91.58878,80.52959442138672
2011-01-26,1296.6300048828125,91.58878,82.3208719889323
2011-01-27,1299.5400390625,92.056076,82.2429911295573
2011-01-28,1276.3399658203125,90.42056,78.81620025634766
2011-01-31,1286.1199951171875,90.42056,75.38940938313802
2011-02-01,1307.5899658203125,92.056076,74.45482889811198
2011-02-02,1304.030029296875,91.822426,76.47974904378255
2011-02-03,1307.0999755859375,92.990654,78.50467173258464
2011-02-04,1310.8699951171875,92.75701,78.66043599446614
2011-02-07,1319.050048828125,92.52337,80.37383270263672
2011-02-08,1324.5699462890625,93.45795,81.85358428955078
2011-02-09,1320.8800048828125,93.2243,83.17757161458333
2011-02-10,1321.8699951171875,93.2243,82.3987553914388
2011-02-11,1329.1500244140625,92.77389,82.95572662353516
2011-02-14,1332.3199462890625,92.77389,82.96861521402995
2011-02-15,1328.010009765625,92.77389,83.06138356526692
2011-02-16,1336.3199462890625,93.00699,82.9059829711914
2011-02-17,1340.4300537109375,93.2401,83.37218475341797
2011-02-18,1343.010009765625,92.77389,84.84848531087239
2011-02-22,1315.43994140625,90.909096,81.1965815226237
2011-02-23,1307.4000244140625,89.04429,74.04817199707031
2011-02-24,1306.0999755859375,89.27739,66.43356577555339
2011-02-25,1319.8800048828125,90.675995,65.88966623942058
2011-02-28,1327.219970703125,90.675995,69.38616943359375
2011-03-01,1306.3299560546875,89.97669,69.46386845906575
2011-03-02,1308.43994140625,89.97669,66.82206471761067
2011-03-03,1330.969970703125,91.14219,67.52136739095052
2011-03-04,1321.1500244140625,90.209785,70.31857172648112
2011-03-07,1310.1300048828125,89.97669,71.0178705851237
2011-03-08,1321.8199462890625,92.07459,70.31856791178386
2011-03-09,1320.02001953125,92.30769,70.31856791178386
2011-03-10,1295.1099853515625,89.06976,68.09688822428386
2011-03-11,1304.280029296875,90.46512,64.24115880330403
2011-03-14,1296.3900146484375,87.906975,58.682169596354164
2011-03-15,1281.8699951171875,85.34884,53.333333333333336
2011-03-16,1256.8800048828125,83.023254,42.63565889994303
2011-03-17,1273.719970703125,84.65116,36.97674369812012
2011-03-18,1279.2099609375,84.41861,36.434108098347984
2011-03-21,1298.3800048828125,87.209305,44.72868220011393
2011-03-22,1293.77001953125,86.77494,49.03073755900065
2011-03-23,1297.5400390625,87.47099,52.16946283976237
2011-03-24,1309.6600341796875,88.16705,53.982985178629555
2011-03-25,1313.800048828125,87.70301,58.39133834838867
2011-03-28,1310.18994140625,87.70301,62.258314768473305
2011-03-29,1319.43994140625,89.09513,65.35189437866211
2011-03-30,1328.260009765625,90.046295,69.39234670003255
2011-03-31,1325.8299560546875,89.12037,73.35635630289714
2011-04-01,1332.4100341796875,89.81481,75.69444529215495
2011-04-04,1332.8699951171875,90.50926,76.62037150065105
2011-04-05,1332.6300048828125,89.81481,77.62345631917317
2011-04-06,1335.5400390625,90.50926,78.39506276448567
2011-04-07,1333.510009765625,90.50926,77.70062001546223
2011-04-08,1328.1700439453125,90.27778,75.77160898844402
2011-04-11,1324.4599609375,89.35185,71.29629770914714
2011-04-12,1314.1600341796875,89.12037,64.81481424967448
2011-04-13,1314.4100341796875,88.65741,60.49382654825846
2011-04-14,1314.52001953125,88.65741,58.719136555989586
2011-04-15,1319.6800537109375,88.88889,61.80555725097656
2011-04-18,1305.1400146484375,87.26852,60.03086471557617
2011-04-19,1312.6199951171875,87.26852,59.182098388671875
2011-04-20,1330.3599853515625,88.65741,60.802467346191406
2011-04-21,1337.3800048828125,88.42593,67.12962849934895
2011-04-25,1335.25,89.12037,71.60493723551433
2011-04-26,1347.239990234375,90.74074,72.99382781982422
2011-04-27,1355.6600341796875,92.12963,75.54012298583984
2011-04-28,1360.47998046875,92.36111,79.32098897298177
2011-04-29,1363.6099853515625,92.36111,81.48148091634114
2011-05-02,1361.219970703125,91.43519,81.17284138997395
2011-05-03,1356.6199951171875,90.74074,78.78086344401042
2011-05-04,1347.3199462890625,90.27778,75.38580322265625
2011-05-05,1335.0999755859375,89.81481,71.60493723551433
2011-05-06,1340.199951171875,90.50926,70.44753011067708
2011-05-09,1346.2900390625,90.046295,71.45061747233073
2011-05-10,1357.1600341796875,91.203705,75.3086420694987
2011-05-11,1342.0799560546875,89.35185,75.38580322265625
2011-05-12,1348.6500244140625,89.81481,75.4629618326823
2011-05-13,1337.77001953125,88.88889,71.83641815185547
2011-05-16,1329.469970703125,87.73148,69.05864079793294
2011-05-17,1328.97998046875,87.96296,64.81481552124023
2011-05-18,1340.6800537109375,88.19444,64.5833346048991
2011-05-19,1343.5999755859375,87.96296,66.51234690348308
2011-05-20,1333.27001953125,86.80556,67.43827056884766
2011-05-23,1317.3699951171875,84.25926,62.5771598815918
2011-05-24,1316.280029296875,83.56481,56.71296183268229
2011-05-25,1320.469970703125,85.18519,53.00925827026367
2011-05-26,1325.68994140625,86.34259,54.01234436035156
2011-05-27,1331.0999755859375,86.57407,56.48148091634115
2011-05-31,1345.199951171875,87.26852,61.033949534098305
2011-06-01,1314.550048828125,82.63889,58.56481424967448
2011-06-02,1312.93994140625,82.87037,53.70370229085287
2011-06-03,1300.1600341796875,80.09259,43.1327158610026
2011-06-06,1286.1700439453125,75.69444,36.033949534098305
2011-06-07,1284.93994140625,75.46296,30.787036259969074
2011-06-08,1279.56005859375,71.06481,27.469135284423828
2011-06-09,1289.0,72.68519,27.777777353922527
2011-06-10,1270.97998046875,67.59259,24.30555534362793
2011-06-13,1271.8299560546875,67.12963,22.145061492919922
2011-06-14,1287.8699951171875,71.75926,21.759259541829426
2011-06-15,1265.4200439453125,65.50926,20.75617281595866
2011-06-16,1267.6400146484375,65.046295,20.293209711710613
2011-06-17,1271.5,66.43519,18.4413579305013
2011-06-20,1278.3599853515625,66.43519,21.99074109395345
2011-06-21,1295.52001953125,71.52778,28.317900975545246
2011-06-22,1287.1400146484375,69.44444,31.94444402058919
2011-06-23,1283.5,69.90741,33.25617218017578
2011-06-24,1268.449951171875,66.743645,27.99304262797038
2011-06-27,1280.0999755859375,68.591225,26.4282709757487
2011-06-28,1296.6700439453125,71.36259,29.869130452473957
2011-06-29,1307.4100341796875,72.97921,38.79907671610514
2011-06-30,1320.6400146484375,76.44341,48.49884541829427
2011-07-01,1339.6700439453125,80.369514,58.814473470052086
2011-07-05,1337.8800048828125,79.676674,65.97382736206055
2011-07-06,1339.219970703125,80.600464,69.9769058227539
2011-07-07,1353.219970703125,82.678986,72.51732126871745
2011-07-08,1343.800048828125,80.369514,73.82601928710938
2011-07-11,1319.489990234375,73.903,69.51501083374023
2011-07-12,1313.6400146484375,72.74827,60.96997578938802
2011-07-13,1317.719970703125,72.74827,54.81139246622721
2011-07-14,1308.8699951171875,68.360275,50.65434900919596
2011-07-15,1316.1400146484375,68.82217,48.34488042195638
2011-07-18,1305.43994140625,63.510395,42.34026209513346
2011-07-19,1326.72998046875,68.82217,45.11162567138672
2011-07-20,1325.8399658203125,69.053116,46.80523427327474
2011-07-21,1343.800048828125,72.74827,55.96612675984701
2011-07-22,1345.02001953125,71.59354,59.89222208658854
2011-07-25,1337.4300537109375,69.976906,61.97074635823568
2011-07-26,1331.93994140625,66.28175,57.5057741800944
2011-07-27,1304.8900146484375,56.351044,47.65204111735026
2011-07-28,1300.6700439453125,56.12009,39.18398793538412
2011-07-29,1292.280029296875,54.04157,31.79368718465169
2011-08-01,1286.93994140625,50.11547,29.09930674235026
2011-08-02,1254.050048828125,39.722862,22.555811246236164
2011-08-03,1260.3399658203125,40.184757,18.32178497314453
2011-08-04,1200.0699462890625,24.249422,10.931485176086426
2011-08-05,1199.3800048828125,24.018475,8.160122871398926
2011-08-08,1119.4599609375,8.545034,3.00230939189593
2011-08-09,1172.530029296875,20.323326,2.771362453699112
2011-08-10,1120.760009765625,11.778292,1.8475749790668488
2011-08-11,1172.6400146484375,21.939955,3.6951499382654824
2011-08-12,1178.81005859375,22.86374,4.849884470303853
2011-08-15,1204.489990234375,29.099306,9.006928284962973
2011-08-16,1192.760009765625,27.251732,11.239415009816488
2011-08-17,1193.8900146484375,28.406466,13.086990038553873
2011-08-18,1140.6500244140625,18.244802,9.699769179026285
2011-08-19,1123.530029296875,16.166283,6.389530499776204
2011-08-22,1123.8199462890625,15.473442,3.5411856174468994
2011-08-23,1162.3499755859375,24.711317,5.850654681523641
2011-08-24,1177.5999755859375,27.48268,10.62355669339498
2011-08-25,1159.27001953125,23.094688,13.086990356445312
2011-08-26,1176.800048828125,27.020784,14.318706830342611
2011-08-29,1210.0799560546875,34.180138,17.85989284515381
2011-08-30,1212.9200439453125,35.56582,24.095458666483562
2011-08-31,1218.8900146484375,36.258663,29.561201095581055
2011-09-01,1204.4200439453125,34.180138,29.407236099243164
2011-09-02,1173.969970703125,27.944574,25.17320950826009
2011-09-06,1165.239990234375,26.789839,19.938414255777996
2011-09-07,1198.6199951171875,33.949192,21.01616668701172
2011-09-08,1185.9000244140625,30.715937,24.172440846761067
2011-09-09,1154.22998046875,24.711317,23.325634956359863
2011-09-12,1162.27001953125,26.096996,19.014626502990723
2011-09-13,1172.8699951171875,27.944574,18.09083906809489
2011-09-14,1188.6800537109375,31.177828,24.71131642659505
2011-09-15,1209.1099853515625,34.180138,32.64049275716146
2011-09-16,1216.010009765625,36.027714,40.03079350789388
2011-09-19,1204.0899658203125,34.411083,42.49422709147135
2011-09-20,1202.0899658203125,33.718246,41.647421518961586
2011-09-21,1166.760009765625,25.866049,35.79676628112793
2011-09-22,1129.56005859375,20.78522,27.867589950561523
2011-09-23,1136.4300537109375,21.709007,21.86297098795573
2011-09-26,1162.949951171875,24.942265,21.939953486124676
2011-09-27,1175.3800048828125,28.868359,28.868359247843426
2011-09-28,1151.06005859375,21.939955,30.71593411763509
2011-09-29,1160.4000244140625,23.787529,31.48575782775879
2011-09-30,1131.4200439453125,20.78522,26.020015716552734
2011-10-03,1099.22998046875,15.011547,20.631255467732746
2011-10-04,1123.949951171875,18.706697,17.09006945292155
2011-10-05,1144.030029296875,19.16859,20.2463436126709
2011-10-06,1164.969970703125,24.018475,32.17859967549642
2011-10-07,1155.4599609375,23.325636,38.49114672342936
2011-10-10,1194.8900146484375,31.177828,49.4226328531901
2011-10-11,1195.5400390625,30.023094,55.27328745524088
2011-10-12,1207.25,31.408775,67.05158106486003
2011-10-13,1203.6600341796875,31.105991,70.38257217407227
2011-10-14,1224.5799560546875,35.48387,76.24776967366536
2011-10-17,1200.8599853515625,30.414745,73.65591176350911
2011-10-18,1225.3800048828125,36.175114,76.34408315022786
2011-10-19,1209.8800048828125,33.640553,73.7327168782552
2011-10-20,1215.3900146484375,34.3318,76.88171895345052
2011-10-21,1238.25,42.857143,78.2642084757487
2011-10-24,1254.18994140625,46.54378,84.40860239664714
2011-10-25,1229.050048828125,41.24424,87.17357889811198
2011-10-26,1242.0,44.930874,88.40245564778645
2011-10-27,1284.5899658203125,55.990784,89.17050425211589
2011-10-28,1285.0899658203125,54.377876,92.08909098307292
2011-10-31,1253.300048828125,46.313362,92.3963114420573
2011-11-01,1218.280029296875,38.940094,85.94469706217448
2011-11-02,1237.9000244140625,42.857143,82.25806172688802
2011-11-03,1261.1500244140625,49.769585,81.64362335205078
2011-11-04,1253.22998046875,49.53917,85.71428680419922
2011-11-07,1261.1199951171875,50.230415,88.01843516031902
2011-11-08,1275.9200439453125,53.91705,89.09370422363281
2011-11-09,1229.0999755859375,41.70507,85.17665354410808
2011-11-10,1239.699951171875,44.23963,82.10445658365886
2011-11-11,1263.8499755859375,51.38249,80.568359375
2011-11-14,1251.780029296875,48.61751,83.25653076171875
2011-11-15,1257.81005859375,51.6129,84.9462381998698
2011-11-16,1236.9100341796875,44.930874,81.87403869628906
2011-11-17,1216.1300048828125,39.54023,76.13980102539062
2011-11-18,1215.6500244140625,39.54023,69.17809804280598
2011-11-21,1192.97998046875,34.252872,59.7701161702474
2011-11-22,1188.0400390625,32.87356,52.64367930094401
2011-11-23,1161.7900390625,25.747126,40.229885737101235
2011-11-25,1158.6700439453125,26.206896,32.107279459635414
2011-11-28,1192.550048828125,34.02299,33.86973190307617
2011-11-29,1195.18994140625,34.942528,42.68199348449707
2011-11-30,1246.9599609375,48.965515,61.609195709228516
2011-12-01,1244.5799560546875,48.27586,71.87739562988281
2011-12-02,1244.280029296875,48.27586,80.84291076660156
2011-12-05,1257.0799560546875,51.724136,81.91570790608723
2011-12-06,1258.469970703125,51.49425,82.68199157714844
2011-12-07,1261.010009765625,51.724136,83.44827524820964
2011-12-08,1234.3499755859375,44.13793,78.00766245524089
2011-12-09,1255.18994140625,51.03448,76.55172220865886
2011-12-12,1236.469970703125,45.747124,72.18390655517578
2011-12-13,1225.72998046875,43.448277,68.19923273722331
2011-12-14,1211.8199462890625,40.689655,56.93486531575521
2011-12-15,1215.75,41.37931,50.4980837504069
2011-12-16,1219.6600341796875,43.67816,49.3486582438151
2011-12-19,1205.3499755859375,40.45977,48.35248947143555
2011-12-20,1241.300048828125,48.27586,52.720306396484375
2011-12-21,1243.719970703125,49.195404,56.09195454915365
2011-12-22,1254.0,51.03448,65.28735605875652
2011-12-23,1265.3299560546875,53.793102,68.5823745727539
2011-12-27,1265.4300537109375,54.94253,72.33716328938802
2011-12-28,1249.6400146484375,50.574715,70.26819864908855
2011-12-29,1263.02001953125,55.172413,68.73563130696614
2011-12-30,1257.5999755859375,54.252876,66.28352355957031
2012-01-03,1277.06005859375,59.08046,70.03831227620442
2012-01-04,1277.300048828125,57.471264,71.57087961832683
2012-01-05,1281.06005859375,58.62069,74.86590067545573
2012-01-06,1277.81005859375,59.08046,75.1724141438802
2012-01-09,1280.699951171875,59.31035,76.85823822021484
2012-01-10,1292.0799560546875,65.97701,79.2337163289388
2012-01-11,1292.47998046875,67.81609,82.06896464029948
2012-01-12,1295.5,68.04598,83.90804545084636
2012-01-13,1289.0899658203125,66.206894,82.83524831136067
2012-01-17,1293.6700439453125,68.73563,82.45210774739583
2012-01-18,1308.0400390625,72.41379,83.75478871663411
2012-01-19,1314.5,75.17241,86.51340993245442
2012-01-20,1315.3800048828125,76.09195,88.73563385009766
2012-01-23,1316.0,76.32184,89.27203369140625
2012-01-24,1314.6500244140625,75.63219,89.19540405273438
2012-01-25,1326.06005859375,80.22988,89.65517171223958
2012-01-26,1318.4300537109375,79.77011,89.88505554199219
2012-01-27,1316.3299560546875,80.0,89.5785420735677
2012-01-30,1313.010009765625,79.08046,87.96934763590495
2012-01-31,1312.4100341796875,78.39081,86.51340993245442
2012-02-01,1324.0899658203125,83.44827,86.8199234008789
2012-02-02,1325.5400390625,84.5977,87.96935017903645
2012-02-03,1344.9000244140625,87.35632,90.11494445800781
2012-02-06,1344.3299560546875,86.666664,90.88122812906902
2012-02-07,1347.050048828125,86.89655,91.49425252278645
2012-02-08,1349.9599609375,87.586205,91.26436614990234
2012-02-09,1351.949951171875,86.666664,90.8812255859375
2012-02-10,1342.6400146484375,87.586205,89.73179880777995
2012-02-13,1351.77001953125,87.816086,88.81225840250652
2012-02-14,1350.5,85.74713,88.0459721883138
2012-02-15,1343.22998046875,85.74713,86.74329121907552
2012-02-16,1358.0400390625,88.965515,86.36015065511067
2012-02-17,1361.22998046875,87.586205,86.5900370279948
2012-02-21,1362.2099609375,87.35632,87.35632069905598
2012-02-22,1357.6600341796875,86.43678,86.28352355957031
2012-02-23,1363.4599609375,87.586205,85.21072642008464
2012-02-24,1365.739990234375,88.505745,84.8275858561198
2012-02-27,1367.5899658203125,88.965515,84.90421549479167
2012-02-28,1372.1800537109375,87.35632,83.52490488688152
2012-02-29,1365.6800537109375,86.89655,81.45593770345052
2012-03-01,1374.0899658203125,86.89655,80.76628112792969
2012-03-02,1369.6300048828125,87.126434,79.99999745686848
2012-03-05,1364.3299560546875,86.666664,79.00382995605469
2012-03-06,1343.3599853515625,83.44827,71.72413635253906
2012-03-07,1352.6300048828125,84.82758,67.66283671061198
2012-03-08,1365.9100341796875,87.586205,67.50957997639973
2012-03-09,1370.8699951171875,88.045975,73.9463602701823
2012-03-12,1371.0899658203125,87.816086,77.77777608235677
2012-03-13,1395.949951171875,89.655174,81.30268096923828
2012-03-14,1394.280029296875,89.195404,82.45210774739583
2012-03-15,1402.5999755859375,90.114944,85.28735605875652
2012-03-16,1404.1700439453125,90.344826,84.8275858561198
2012-03-19,1409.75,91.264366,85.90038299560547
2012-03-20,1405.52001953125,90.574715,84.98084259033203
2012-03-21,1402.8900146484375,90.344826,83.98467254638672
2012-03-22,1392.780029296875,88.735634,80.07662709554036
2012-03-23,1397.1099853515625,90.344826,77.54789225260417
2012-03-26,1416.510009765625,92.64368,79.38697306315105
2012-03-27,1412.52001953125,92.413795,82.7586186726888
2012-03-28,1405.5400390625,91.49425,84.21455891927083
2012-03-29,1403.280029296875,90.574715,82.06896718343098
2012-03-30,1408.469970703125,90.804596,81.14942932128906
2012-04-02,1419.0400390625,90.344826,82.75862375895183
2012-04-03,1413.3800048828125,91.034485,82.91187795003255
2012-04-04,1398.9599609375,90.344826,79.2337163289388
2012-04-05,1398.0799560546875,89.655174,73.6398442586263
2012-04-09,1382.199951171875,86.89655,64.06130091349284
2012-04-10,1358.5899658203125,82.98851,51.4942512512207
2012-04-11,1368.7099609375,85.97701,43.141763051350914
2012-04-12,1387.5699462890625,87.84404,43.94267018636068
2012-04-13,1370.260009765625,84.86239,47.58690897623698
2012-04-16,1369.5699462890625,84.86239,48.9296620686849
2012-04-17,1390.780029296875,87.15596,50.6880734761556
2012-04-18,1385.1400146484375,86.23853,54.58715693155924
2012-04-19,1376.9200439453125,84.633026,55.88685099283854
2012-04-20,1378.530029296875,85.09174,54.35779698689779
2012-04-23,1366.93994140625,82.11009,51.14678827921549
2012-04-24,1371.969970703125,83.944954,50.7645263671875
2012-04-25,1390.68994140625,87.61468,52.59938939412435
2012-04-26,1399.97998046875,88.532104,58.56269200642904
2012-04-27,1403.3599853515625,89.90826,63.761468251546226
2012-04-30,1397.9100341796875,88.30275,64.44954172770183
2012-05-01,1405.8199462890625,89.90826,64.98471069335938
2012-05-02,1402.31005859375,89.6789,63.99082692464193
2012-05-03,1391.5699462890625,87.38532,61.62079620361328
2012-05-04,1369.0999755859375,82.56881,55.657492319742836
2012-05-07,1369.5799560546875,83.71559,50.7645263671875
2012-05-08,1363.719970703125,82.33945,47.782875061035156
2012-05-09,1354.5799560546875,80.27523,45.41284434000651
2012-05-10,1357.989990234375,80.504585,43.960244496663414
2012-05-11,1353.3900146484375,80.045876,42.66055043538412
2012-05-14,1338.3499755859375,76.60551,41.05504608154297
2012-05-15,1330.6600341796875,73.91304,38.12290573120117
2012-05-16,1324.800048828125,70.48055,34.96263122558594
2012-05-17,1304.8599853515625,66.13272,30.5110600789388
2012-05-18,1295.219970703125,61.872147,24.472063700358074
2012-05-21,1315.989990234375,67.80822,21.25011698404948
2012-05-22,1316.6300048828125,68.03653,22.450532913208008
2012-05-23,1318.8599853515625,68.72146,26.179604212443035
2012-05-24,1320.6800537109375,68.94977,28.61491584777832
2012-05-25,1317.8199462890625,68.94977,29.832571029663086
2012-05-29,1332.4200439453125,73.51598,32.80060895284017
2012-05-30,1313.3199462890625,65.981735,31.278539021809895
2012-05-31,1310.3299560546875,64.15525,30.44140116373698
2012-06-01,1278.0400390625,55.936073,22.983256975809734
2012-06-04,1278.1800537109375,54.79452,18.949771563212078
2012-06-05,1285.5,56.84931,15.449010531107584
2012-06-06,1315.1300048828125,63.69863,20.624048868815105
2012-06-07,1314.989990234375,64.61187,25.418569564819336
2012-06-08,1325.6600341796875,66.43836,31.65905698140462
2012-06-11,1308.9300537109375,62.557076,30.593608220418293
2012-06-12,1324.1800537109375,65.525116,32.3439884185791
2012-06-13,1314.8800048828125,61.643833,30.898021062215168
2012-06-14,1329.0999755859375,63.242004,35.00761032104492
2012-06-15,1342.8399658203125,66.66667,39.19330342610677
2012-06-18,1344.780029296875,68.03653,45.433790842692055
2012-06-19,1357.97998046875,73.059364,51.52207056681315
2012-06-20,1355.68994140625,72.37443,54.642313639322914
2012-06-21,1325.510009765625,63.92694,51.674276987711586
2012-06-22,1335.02001953125,65.525116,47.64079030354818
2012-06-25,1313.719970703125,60.273975,40.106544494628906
2012-06-26,1319.989990234375,61.872147,38.58447519938151
2012-06-27,1331.8499755859375,63.47032,38.35616556803385
2012-06-28,1329.0400390625,62.785385,41.933030446370445
2012-06-29,1362.1600341796875,71.07062,51.47249094645182
2012-07-02,1365.510009765625,72.437355,58.65170415242513
2012-07-03,1374.02001953125,73.8041,67.95747884114583
2012-07-05,1367.5799560546875,73.57631,69.85573323567708
2012-07-06,1354.6800537109375,69.93166,68.71677907307942
2012-07-09,1352.4599609375,67.425964,64.92027155558269
2012-07-10,1341.469970703125,65.603645,59.83295186360677
2012-07-11,1341.449951171875,64.46469,57.251328786214195
2012-07-12,1334.760009765625,62.18679,54.66970570882162
2012-07-13,1356.780029296875,67.653755,57.479119618733726
2012-07-16,1353.6400146484375,65.375854,59.37737147013346
2012-07-17,1363.6700439453125,66.28702,63.629459381103516
2012-07-18,1372.780029296875,70.159454,66.43887456258138
2012-07-19,1376.510009765625,70.84283,70.91875457763672
2012-07-20,1362.6600341796875,65.909096,70.86888376871745
2012-07-23,1350.52001953125,62.045456,66.19279479980469
2012-07-24,1338.31005859375,59.772728,58.7121213277181
2012-07-25,1337.8900146484375,60.000004,54.46969477335612
2012-07-26,1360.02001953125,64.090904,56.363633473714195
2012-07-27,1385.969970703125,71.13636,64.54545084635417
2012-07-30,1385.300048828125,69.545456,71.74242146809895
2012-07-31,1379.3199462890625,67.5,74.46969604492188
2012-08-01,1375.3199462890625,65.454544,71.06060791015625
2012-08-02,1365.0,63.181816,67.04545593261719
2012-08-03,1390.989990234375,68.181816,68.18181864420573
2012-08-06,1394.22998046875,70.90909,71.59090677897136
2012-08-07,1401.3499755859375,75.90909,77.12121073404948
2012-08-08,1402.219970703125,76.36363,78.40909067789714
2012-08-09,1402.800048828125,77.27273,78.86363728841145
2012-08-10,1405.8699951171875,76.36363,78.71212259928386
2012-08-13,1404.1099853515625,75.22727,78.18181864420573
2012-08-14,1403.9300537109375,73.63637,77.2727279663086
2012-08-15,1405.530029296875,75.22727,76.59090677897136
2012-08-16,1415.510009765625,77.5,77.04545338948567
2012-08-17,1418.1600341796875,78.63637,79.01514943440755
2012-08-20,1418.1300048828125,77.72727,80.2272720336914
2012-08-21,1413.1700439453125,78.409096,79.54545338948567
2012-08-22,1413.489990234375,77.5,77.04545593261719
2012-08-23,1402.0799560546875,74.545456,73.33333587646484
2012-08-24,1411.1300048828125,76.13636,71.81818389892578
2012-08-27,1410.43994140625,74.545456,70.90909067789714
2012-08-28,1409.300048828125,74.545456,71.66666412353516
2012-08-29,1410.489990234375,75.0,71.74242146809895
2012-08-30,1399.47998046875,72.27273,71.06060536702473
2012-08-31,1406.5799560546875,73.63637,71.06060536702473
2012-09-04,1404.93994140625,73.63637,71.13636525472005
2012-09-05,1403.43994140625,72.5,71.28787994384766
2012-09-06,1432.1199951171875,79.09091,74.31818389892578
2012-09-07,1437.9200439453125,82.045456,76.74242401123047
2012-09-10,1429.0799560546875,79.77273,79.24242146809895
2012-09-11,1433.56005859375,80.0,78.18181610107422
2012-09-12,1436.56005859375,80.454544,77.4242426554362
2012-09-13,1459.989990234375,83.181816,79.31818389892578
2012-09-14,1465.77001953125,84.77273,81.36363728841145
2012-09-17,1461.18994140625,82.954544,82.7272720336914
2012-09-18,1459.3199462890625,82.27273,82.27272542317708
2012-09-19,1461.050048828125,80.90909,81.21212005615234
2012-09-20,1460.260009765625,80.90909,80.2272720336914
2012-09-21,1460.1500244140625,80.90909,78.86363728841145
2012-09-24,1456.8900146484375,79.545456,77.65151468912761
2012-09-25,1441.5899658203125,75.681816,74.31818135579427
2012-09-26,1433.3199462890625,75.0,69.99999745686848
2012-09-27,1447.1500244140625,76.81818,67.87878672281902
2012-09-28,1440.6700439453125,75.0,67.7272720336914
2012-10-01,1444.489990234375,74.318184,69.01515197753906
2012-10-02,1445.75,73.86364,68.10606129964192
2012-10-03,1450.989990234375,73.63637,68.71212005615234
2012-10-04,1461.4000244140625,77.27273,70.83333333333333
2012-10-05,1460.9300537109375,77.27273,72.5757573445638
2012-10-08,1455.8800048828125,76.36363,73.03030395507812
2012-10-09,1441.47998046875,70.454544,69.31818135579427
2012-10-10,1432.56005859375,69.77273,64.24242401123047
2012-10-11,1432.8399658203125,70.22727,59.772725423177086
2012-10-12,1428.5899658203125,69.457016,55.6804453531901
2012-10-15,1440.1300048828125,71.71945,55.81996409098307
2012-10-16,1454.9200439453125,75.56561,57.8431396484375
2012-10-17,1460.9100341796875,76.24434,63.80090840657552
2012-10-18,1457.3399658203125,75.11312,66.44042460123698
2012-10-19,1433.18994140625,70.36199,63.19758733113607
2012-10-22,1433.8199462890625,69.68326,57.767723083496094
2012-10-23,1413.1099853515625,65.61086,50.4524892171224
2012-10-24,1408.75,64.47964,46.00301742553711
2012-10-25,1412.969970703125,65.38461,44.19306182861328
2012-10-26,1411.93994140625,64.70589,44.796380360921226
2012-10-31,1412.1600341796875,66.96833,47.73755645751953
2012-11-01,1427.5899658203125,71.49322,51.20663706461588
2012-11-02,1414.199951171875,68.32579,53.6199099222819
2012-11-05,1417.260009765625,69.457016,53.3936653137207
2012-11-06,1428.3900146484375,73.30317,53.54449590047201
2012-11-07,1394.530029296875,64.027145,50.00000127156576
2012-11-08,1377.510009765625,59.728508,45.776774088541664
2012-11-09,1379.8499755859375,60.407238,38.53695424397787
2012-11-12,1380.030029296875,59.95475,36.500755310058594
2012-11-13,1374.530029296875,58.823532,35.67119344075521
2012-11-14,1355.489990234375,52.0362,32.12669881184896
2012-11-15,1353.3299560546875,50.904976,27.82805569966634
2012-11-16,1359.8800048828125,54.298645,24.73604965209961
2012-11-19,1386.8900146484375,60.633488,29.185521443684895
2012-11-20,1387.81005859375,62.44344,35.746608098347984
2012-11-21,1391.030029296875,63.34842,42.08144887288412
2012-11-23,1409.1500244140625,68.32579,47.134239196777344
2012-11-26,1406.2900390625,67.19457,50.98039245605469
2012-11-27,1398.93994140625,64.93213,53.695325215657554
2012-11-28,1409.9300537109375,68.32579,54.67571767171224
2012-11-29,1415.949951171875,71.49322,56.56108856201172
2012-11-30,1416.1800537109375,71.49322,60.48265711466471
2012-12-03,1409.4599609375,69.004524,61.01056035359701
2012-12-04,1407.050048828125,68.77828,60.48265584309896
2012-12-05,1409.280029296875,70.13575,60.25641123453776
2012-12-06,1413.93994140625,70.36199,63.34841791788737
2012-12-07,1418.0699462890625,71.9457,66.96832784016927
2012-12-10,1418.550048828125,71.71945,69.38159942626953
2012-12-11,1427.8399658203125,75.56561,71.5686264038086
2012-12-12,1428.47998046875,75.33936,73.83106740315755
2012-12-13,1419.449951171875,73.75566,73.60482533772786
2012-12-14,1413.5799560546875,73.75566,70.51281992594402
2012-12-17,1430.3599853515625,77.82806,69.68326059977214
2012-12-18,1446.7900390625,79.86425,74.13273111979167
2012-12-19,1435.81005859375,78.28055,78.8084487915039
2012-12-20,1443.68994140625,79.86425,81.44796498616536
2012-12-21,1430.1500244140625,76.018105,79.93966929117839
2012-12-24,1426.6600341796875,74.208145,79.2609354654948
2012-12-26,1419.8299560546875,72.17194,75.11312357584636
2012-12-27,1418.0999755859375,72.17194,71.8702901204427
2012-12-28,1402.4300537109375,68.55203,66.28959528605144
2012-12-31,1426.18994140625,73.75566,67.9487190246582
2013-01-02,1462.4200439453125,81.26411,74.51814651489258
2013-01-03,1459.3699951171875,82.39278,84.02875264485677
2013-01-04,1466.469970703125,83.972916,89.31527709960938
2013-01-07,1461.8900146484375,81.489845,89.31527709960938
2013-01-08,1457.1500244140625,80.81264,88.71331787109375
2013-01-09,1461.02001953125,81.038376,87.88562774658203
2013-01-10,1472.1199951171875,83.52145,88.03611501057942
2013-01-11,1472.050048828125,83.29571,88.71331787109375
2013-01-14,1470.6800537109375,82.844246,89.39051818847656
2013-01-15,1472.3399658203125,83.52145,89.84198506673177
2013-01-16,1472.6300048828125,83.29571,89.99247233072917
2013-01-17,1480.93994140625,83.74718,90.44393920898438
2013-01-18,1485.97998046875,84.684685,90.45088958740234
2013-01-22,1492.56005859375,85.13514,91.50973765055339
2013-01-23,1494.81005859375,85.13514,91.8918940226237
2013-01-24,1494.8199462890625,86.48649,92.49249267578125
2013-01-25,1502.9599609375,87.16216,92.64264170328777
2013-01-28,1500.1800537109375,86.71171,92.79279073079427
2013-01-29,1507.8399658203125,87.38739,92.79279073079427
2013-01-30,1501.9599609375,87.38739,92.1921895345052
2013-01-31,1498.1099853515625,87.16216,91.29128774007161
2013-02-01,1513.1700439453125,88.53933,90.99723052978516
2013-02-04,1495.7099609375,86.06741,89.88004811604817
2013-02-05,1511.2900390625,87.64045,89.9625473022461
2013-02-06,1512.1199951171875,87.865166,89.13857777913411
2013-02-07,1509.3900146484375,87.865166,88.76404571533203
2013-02-08,1517.9300537109375,88.08989,88.164794921875
2013-02-11,1517.010009765625,87.865166,87.64044952392578
2013-02-12,1519.4300537109375,88.314606,88.46441904703777
2013-02-13,1520.3299560546875,87.865166,88.53932698567708
2013-02-14,1521.3800048828125,87.865166,88.31460825602214
2013-02-15,1519.7900390625,87.41573,87.6404520670573
2013-02-19,1530.93994140625,88.98876,87.34082539876302
2013-02-20,1511.949951171875,87.865166,85.69288380940755
2013-02-21,1502.4200439453125,86.74157,81.27340698242188
2013-02-22,1515.5999755859375,87.41573,78.57677968343098
2013-02-25,1487.8499755859375,84.494385,72.65917714436848
2013-02-26,1496.93994140625,85.39326,70.18726857503255
2013-02-27,1515.989990234375,87.41573,68.83895365397136
2013-02-28,1514.6800537109375,87.41573,72.73408508300781
2013-03-01,1518.199951171875,88.53933,76.40449523925781
2013-03-04,1525.199951171875,87.865166,77.52808888753255
2013-03-05,1539.7900390625,90.11236,79.5505599975586
2013-03-06,1541.4599609375,89.213486,81.57303110758464
2013-03-07,1544.260009765625,89.4382,82.99625142415364
2013-03-08,1551.1800537109375,89.66292,84.26966094970703
2013-03-11,1556.219970703125,89.66292,85.0187250773112
2013-03-12,1552.47998046875,89.88764,85.54307047526042
2013-03-13,1554.52001953125,89.66292,85.16853841145833
2013-03-14,1563.22998046875,90.33708,85.16853841145833
2013-03-15,1560.699951171875,90.11236,84.49437967936198
2013-03-18,1552.0999755859375,89.4382,82.84643809000652
2013-03-19,1548.3399658203125,88.98876,79.55055745442708
2013-03-20,1558.7099609375,89.213486,78.87640126546223
2013-03-21,1545.800048828125,88.98876,76.77902475992839
2013-03-22,1556.8900146484375,88.98876,76.77902475992839
2013-03-25,1551.68994140625,88.98876,74.00748952229817
2013-03-26,1563.77001953125,88.98876,75.28089650472005
2013-03-27,1562.8499755859375,89.66292,75.65542856852214
2013-03-28,1569.18994140625,89.88764,78.05243428548177
2013-04-01,1562.1700439453125,89.66292,77.45318603515625
2013-04-02,1570.25,89.4382,76.2546869913737
2013-04-03,1553.68994140625,87.865166,71.38577016194661
2013-04-04,1559.97998046875,89.4382,68.76404571533203
2013-04-05,1553.280029296875,89.213486,65.39325714111328
2013-04-08,1563.0699462890625,90.5618,66.74157206217448
2013-04-09,1568.6099853515625,89.88764,68.2396977742513
2013-04-10,1587.72998046875,91.235954,73.93258158365886
2013-04-11,1593.3699951171875,92.134834,78.80149586995442
2013-04-12,1588.8499755859375,91.46068,81.27340952555339
2013-04-15,1552.3599853515625,87.64045,73.3333346048991
2013-04-16,1574.5699462890625,88.98876,67.34082667032878
2013-04-17,1552.010009765625,86.51685,59.10112508138021
2013-04-18,1541.6099853515625,85.39326,56.17977778116862
2013-04-19,1555.25,85.61798,52.284645080566406
2013-04-22,1562.5,86.96629,52.35955047607422
2013-04-23,1578.780029296875,88.98876,58.80149841308594
2013-04-24,1578.7900390625,90.33708,64.34457015991211
2013-04-25,1585.1600341796875,90.786514,70.86142476399739
2013-04-26,1582.239990234375,89.4382,71.16104888916016
2013-04-29,1593.6099853515625,90.5618,72.65917460123698
2013-04-30,1597.5699462890625,91.46068,73.48314412434895
2013-05-01,1582.699951171875,89.66292,74.00748697916667
2013-05-02,1597.5899658203125,91.235954,74.15730285644531
2013-05-03,1614.4200439453125,91.91011,75.9550552368164
2013-05-06,1617.5,92.80899,80.67415873209636
2013-05-07,1625.9599609375,93.25843,84.5692876180013
2013-05-08,1632.68994140625,93.48315,86.59176127115886
2013-05-09,1626.6700439453125,93.04933,87.6500244140625
2013-05-10,1633.699951171875,93.94619,88.48171997070312
2013-05-13,1633.77001953125,93.72198,88.26607004801433
2013-05-14,1650.3399658203125,93.94619,89.76083628336589
2013-05-15,1658.780029296875,93.94619,90.65769704182942
2013-05-16,1650.469970703125,93.94619,92.00298817952473
2013-05-17,1667.469970703125,94.394615,92.6756362915039
2013-05-20,1666.2900390625,94.1704,92.82511393229167
2013-05-21,1669.1600341796875,94.394615,92.75037384033203
2013-05-22,1655.3499755859375,93.94619,89.98505147298177
2013-05-23,1650.510009765625,93.72198,85.8744379679362
2013-05-24,1649.5999755859375,93.273544,81.76382700602214
2013-05-28,1660.06005859375,92.82511,80.04484303792317
2013-05-29,1648.3599853515625,91.47982,77.7279535929362
2013-05-30,1654.4100341796875,91.47982,76.23318227132161
2013-05-31,1630.739990234375,90.35875,71.52466074625652
2013-06-03,1640.4200439453125,90.807175,69.35724639892578
2013-06-04,1631.3800048828125,90.13453,65.54559071858723
2013-06-05,1608.9000244140625,88.565025,60.53811772664388
2013-06-06,1622.56005859375,89.46188,57.69805781046549
2013-06-07,1643.3800048828125,89.91032,58.37070083618164
2013-06-10,1642.81005859375,88.78924,62.48131561279297
2013-06-11,1626.1300048828125,85.65022,61.95814641316732
2013-06-12,1612.52001953125,84.30493,57.174888610839844
2013-06-13,1636.3599853515625,87.44395,57.174888610839844
2013-06-14,1626.72998046875,87.44395,57.54858144124349
2013-06-17,1639.0400390625,88.340805,61.8834114074707
2013-06-18,1651.81005859375,89.6861,63.677130381266274
2013-06-19,1628.9300537109375,85.49107,63.29309336344401
2013-06-20,1588.18994140625,77.00893,54.1946907043457
2013-06-21,1592.4300537109375,78.125,43.15476099650065
2013-06-24,1573.0899658203125,75.89286,33.407737731933594
2013-06-25,1588.030029296875,80.35714,32.44047546386719
2013-06-26,1603.260009765625,82.58929,34.077379862467446
2013-06-27,1613.199951171875,84.4098,40.961063385009766
2013-06-28,1606.280029296875,83.741646,45.76141357421875
2013-07-01,1614.9599609375,84.632515,49.88864008585612
2013-07-02,1614.0799560546875,83.96436,50.25983556111654
2013-07-03,1615.4100341796875,83.51893,50.4083137512207
2013-07-05,1631.8900146484375,83.29622,52.412768046061196
2013-07-08,1640.4599609375,84.632515,56.7928721110026
2013-07-09,1652.3199462890625,86.191536,63.103190104166664
2013-07-10,1652.6199951171875,85.30067,66.07275390625
2013-07-11,1675.02001953125,90.20045,71.93763732910156
2013-07-12,1680.18994140625,90.64588,76.39198048909505
2013-07-15,1682.5,90.423164,80.92056274414062
2013-07-16,1676.260009765625,90.20045,81.36599985758464
2013-07-17,1680.9100341796875,90.64588,81.88567352294922
2013-07-18,1689.3699951171875,90.64588,82.47958628336589
2013-07-19,1692.0899658203125,90.423164,83.37045542399089
2013-07-22,1695.530029296875,91.314026,83.7416508992513
2013-07-23,1692.3900146484375,91.314026,83.6674092610677
2013-07-24,1685.93994140625,89.532295,81.9599100748698
2013-07-25,1690.25,90.423164,80.77208455403645
2013-07-26,1691.6500244140625,89.75501,79.43578338623047
2013-07-29,1685.3299560546875,88.19599,78.3964360555013
2013-07-30,1685.9599609375,89.08686,77.87676493326823
2013-07-31,1685.72998046875,88.641426,77.72828674316406
2013-08-01,1706.8699951171875,89.30958,80.54936981201172
2013-08-02,1709.6700439453125,88.19599,81.81143442789714
2013-08-05,1707.1400146484375,87.973274,82.70230102539062
2013-08-06,1697.3699951171875,87.75056,81.21752166748047
2013-08-07,1690.9100341796875,86.85969,78.8418706258138
2013-08-08,1697.47998046875,87.30512,77.95100402832031
2013-08-09,1691.4200439453125,88.41871,76.68893941243489
2013-08-12,1689.469970703125,87.30512,76.54046122233073
2013-08-13,1694.1600341796875,87.30512,75.50111389160156
2013-08-14,1685.3900146484375,87.30512,73.86785380045573
2013-08-15,1661.3199462890625,82.85078,68.29992421468098
2013-08-16,1655.8299560546875,80.84633,60.72754160563151
2013-08-19,1646.06005859375,78.84187,53.45211537679037
2013-08-20,1652.3499755859375,80.62361,52.04157384236654
2013-08-21,1642.800048828125,79.2873,50.48255284627279
2013-08-22,1656.9599609375,81.291756,52.635485331217446
2013-08-23,1663.5,82.182625,54.046026865641274
2013-08-26,1656.780029296875,80.84633,55.97624206542969
2013-08-27,1630.47998046875,76.39198,49.74016189575195
2013-08-28,1634.9599609375,76.83742,43.281365712483726
2013-08-29,1638.1700439453125,77.28285,39.34669748942057
2013-08-30,1632.969970703125,75.94655,38.45582962036133
2013-09-03,1639.77001953125,74.83296,38.38159052530924
2013-09-04,1653.0799560546875,75.94655,40.3118044535319
2013-09-05,1655.0799560546875,75.94655,44.84038543701172
2013-09-06,1655.1700439453125,76.169266,48.03266398111979
2013-09-09,1671.7099609375,78.84187,51.96733474731445
2013-09-10,1683.989990234375,81.51448,58.35189437866211
2013-09-11,1689.1300048828125,82.182625,65.404603322347
2013-09-12,1683.4200439453125,79.95546,66.88938395182292
2013-09-13,1687.989990234375,80.40089,66.88938395182292
2013-09-16,1697.5999755859375,82.182625,67.78025309244792
2013-09-17,1704.760009765625,83.29622,71.04677073160808
2013-09-18,1725.52001953125,87.75056,76.46621958414714
2013-09-19,1722.3399658203125,87.082405,79.58425903320312
2013-09-20,1709.9100341796875,84.4098,80.02969360351562
2013-09-23,1701.8399658203125,83.96436,76.02078755696614
2013-09-24,1697.4200439453125,82.40535,72.30883534749348
2013-09-25,1692.77001953125,81.291756,70.23014322916667
2013-09-26,1698.6700439453125,82.62806,69.85894521077473
2013-09-27,1691.75,80.40089,68.37416330973308
2013-09-30,1681.550048828125,78.619156,66.36970774332683
2013-10-01,1695.0,80.40089,66.29546864827473
2013-10-02,1693.8699951171875,79.95546,67.92873128255208
2013-10-03,1678.6600341796875,77.50557,66.8151461283366
2013-10-04,1690.5,77.72829,64.81069310506184
2013-10-07,1676.1199951171875,76.83742,60.727542877197266
2013-10-08,1655.449951171875,75.05568,56.19895935058594
2013-10-09,1656.4000244140625,75.05568,49.81440099080404
2013-10-10,1692.56005859375,79.73274,54.639939626057945
2013-10-11,1703.199951171875,81.7372,65.77579879760742
2013-10-14,1710.1400146484375,82.62806,77.43133036295573
2013-10-15,1698.06005859375,77.50557,76.76317850748698
2013-10-16,1721.5400390625,82.888885,77.3709487915039
2013-10-17,1733.1500244140625,85.55556,79.75616455078125
2013-10-18,1744.5,86.0,85.0370356241862
2013-10-21,1744.6600341796875,85.333336,87.0370356241862
2013-10-22,1754.6700439453125,86.88889,87.85185241699219
2013-10-23,1746.3800048828125,86.0,87.33333587646484
2013-10-24,1752.0699462890625,85.333336,87.11111195882161
2013-10-25,1759.77001953125,86.666664,85.85185241699219
2013-10-28,1762.1099853515625,85.333336,85.85185241699219
2013-10-29,1771.949951171875,86.88889,85.85185241699219
2013-10-30,1763.31005859375,85.333336,84.74074300130208
2013-10-31,1756.5400390625,84.66667,83.33333587646484
2013-11-01,1761.6400146484375,84.66667,81.40741221110027
2013-11-04,1767.9300537109375,86.0,81.7777811686198
2013-11-05,1762.969970703125,84.44444,82.07407633463542
2013-11-06,1770.489990234375,85.77778,81.8518549601237
2013-11-07,1747.1500244140625,84.44444,78.59259541829427
2013-11-08,1770.6099853515625,84.888885,77.18518829345703
2013-11-11,1771.8900146484375,84.888885,76.44444529215495
2013-11-12,1767.68994140625,83.55556,77.0370381673177
2013-11-13,1782.0,85.111115,77.40740966796875
2013-11-14,1790.6199951171875,86.0,78.44444529215495
2013-11-15,1798.1800537109375,86.22222,81.18518575032552
2013-11-18,1791.530029296875,85.80931,81.71832021077473
2013-11-19,1787.8699951171875,84.03548,80.25408426920573
2013-11-20,1781.3699951171875,81.818184,77.16186014811198
2013-11-21,1795.8499755859375,83.370285,76.12712097167969
2013-11-22,1804.760009765625,83.81374,76.49667104085286
2013-11-25,1802.47998046875,83.81374,77.30967966715495
2013-11-26,1802.75,82.92683,77.23577117919922
2013-11-27,1807.22998046875,83.59202,76.64449310302734
2013-11-29,1805.81005859375,83.59202,76.49667358398438
2013-12-02,1800.9000244140625,83.14856,75.60975646972656
2013-12-03,1795.1500244140625,82.48337,73.68810017903645
2013-12-04,1792.81005859375,82.7051,71.32298533121745
2013-12-05,1785.030029296875,82.48337,69.1056900024414
2013-12-06,1805.0899658203125,82.92683,70.8056157430013
2013-12-09,1808.3699951171875,83.81374,72.87509155273438
2013-12-10,1802.6199951171875,81.818184,74.35328928629558
2013-12-11,1782.219970703125,79.37916,69.69697189331055
2013-12-12,1775.5,78.31858,63.44652303059896
2013-12-13,1775.3199462890625,78.539825,58.82110722859701
2013-12-16,1786.5400390625,79.867256,59.070796966552734
2013-12-17,1781.0,78.9823,58.997049967447914
2013-12-18,1810.6500244140625,81.415924,62.83185704549154
2013-12-19,1809.5999755859375,80.75221,64.30678304036458
2013-12-20,1818.3199462890625,82.07965,69.46902465820312
2013-12-23,1827.989990234375,82.522125,71.01769765218098
2013-12-24,1833.3199462890625,83.18584,74.33628336588542
2013-12-26,1842.02001953125,83.40708,75.95870208740234
2013-12-27,1841.4000244140625,84.07079,77.06489817301433
2013-12-30,1841.0699462890625,84.95575,77.9498519897461
2013-12-31,1848.3599853515625,84.73451,79.35103352864583
2014-01-02,1831.97998046875,82.30088,78.31858571370442
2014-01-03,1831.3699951171875,81.63717,76.54867553710938
2014-01-06,1826.77001953125,81.194695,72.64012145996094
2014-01-07,1837.8800048828125,82.74336,72.93510437011719
2014-01-08,1837.489990234375,81.858406,72.12389373779297
2014-01-09,1838.1300048828125,82.74336,73.23008728027344
2014-01-10,1842.3699951171875,84.73451,74.18878936767578
2014-01-13,1819.199951171875,81.858406,72.86135609944661
2014-01-14,1838.8800048828125,83.40708,73.5250727335612
2014-01-15,1848.3800048828125,84.513275,72.56637064615886
2014-01-16,1845.8900146484375,84.513275,74.70501454671223
2014-01-17,1838.699951171875,83.40708,73.59881846110027
2014-01-21,1843.800048828125,84.95575,73.08259582519531
2014-01-22,1844.8599853515625,84.73451,73.45132700602214
2014-01-23,1828.4599609375,82.30088,71.90265655517578
2014-01-24,1790.2900390625,76.548676,62.97935231526693
2014-01-27,1781.56005859375,76.10619,52.581122080485024
2014-01-28,1792.5,78.31858,46.75516255696615
2014-01-29,1774.199951171875,76.548676,45.2802365620931
2014-01-30,1794.18994140625,80.75221,48.15634282430013
2014-01-31,1782.5899658203125,78.9823,48.00885009765625
2014-02-03,1741.8900146484375,67.92035,44.395280838012695
2014-02-04,1755.199951171875,71.460175,39.233039220174156
2014-02-05,1751.6400146484375,71.23894,35.103245417277016
2014-02-06,1773.4300537109375,73.89381,38.64306767781576
2014-02-07,1797.02001953125,76.99115,43.51032384236654
2014-02-10,1799.8399658203125,77.65487,48.598819732666016
2014-02-11,1819.75,80.75221,53.68731689453125
2014-02-12,1819.260009765625,80.30974,56.48967742919922
2014-02-13,1829.8299560546875,82.74336,60.91445668538412
2014-02-14,1838.6300048828125,83.40708,64.45427831013997
2014-02-18,1840.760009765625,83.40708,67.69911448160808
2014-02-19,1828.75,81.858406,67.47787475585938
2014-02-20,1839.780029296875,83.18584,67.33038075764973
2014-02-21,1836.25,82.9646,66.66666666666667
2014-02-24,1847.6099853515625,84.07079,68.65781911214192
2014-02-25,1845.1199951171875,83.40708,68.95280456542969
2014-02-26,1845.1600341796875,84.29204,69.9852523803711
2014-02-27,1854.2900390625,85.176994,70.72271474202473
2014-02-28,1859.449951171875,86.06195,72.7138671875
2014-03-03,1845.72998046875,84.29204,72.0501480102539
2014-03-04,1873.9100341796875,86.28318,74.18878936767578
2014-03-05,1873.81005859375,84.95575,75.88495381673177
2014-03-06,1877.030029296875,84.29204,80.16224161783855
2014-03-07,1878.0400390625,85.39823,80.8997065226237
2014-03-10,1877.1700439453125,86.504425,81.3421859741211
2014-03-11,1867.6300048828125,85.840706,80.60472361246745
2014-03-12,1868.199951171875,85.39823,79.94100443522136
2014-03-13,1846.3399658203125,83.40708,75.66371663411458
2014-03-14,1841.1300048828125,81.63717,71.68141428629558
2014-03-17,1858.8299560546875,84.29204,70.72271219889323
2014-03-18,1872.25,85.61947,75.22123718261719
2014-03-19,1860.77001953125,85.39823,77.80235799153645
2014-03-20,1872.010009765625,84.95575,77.9498519897461
2014-03-21,1866.52001953125,85.39823,75.66371663411458
2014-03-24,1857.43994140625,84.95575,73.15634409586589
2014-03-25,1865.6199951171875,86.06195,70.87020874023438
2014-03-26,1852.56005859375,83.849556,66.37168375651042
2014-03-27,1849.0400390625,83.62832,63.27433776855469
2014-03-28,1857.6199951171875,84.29204,61.873156229654946
2014-03-31,1872.3399658203125,86.06195,65.48672485351562
2014-04-01,1885.52001953125,87.16814,72.78761037190755
2014-04-02,1890.9000244140625,88.71682,77.87610626220703
2014-04-03,1888.77001953125,89.159294,80.16224161783855
2014-04-04,1865.0899658203125,85.39823,76.4749247233073
2014-04-07,1845.0400390625,81.194695,67.77286020914714
2014-04-08,1851.9599609375,83.40708,60.47197596232096
2014-04-09,1872.1800537109375,85.39823,59.070796966552734
2014-04-10,1833.0799560546875,79.20354,56.342183430989586
2014-04-11,1815.68994140625,74.33628,49.33628463745117
2014-04-14,1830.6099853515625,76.10619,40.929203033447266
2014-04-15,1842.97998046875,78.76106,39.82300821940104
2014-04-16,1862.31005859375,81.415924,44.321533203125
2014-04-17,1864.8499755859375,82.74336,48.89380645751953
2014-04-21,1871.8900146484375,83.62832,52.654867808024086
2014-04-22,1879.550048828125,84.95575,55.457227071126304
2014-04-23,1875.3900146484375,84.95575,56.78466033935547
2014-04-24,1878.6099853515625,84.07079,57.74336369832357
2014-04-25,1863.4000244140625,80.53097,55.53097407023112
2014-04-28,1869.4300537109375,79.64601,53.31858444213867
2014-04-29,1878.3299560546875,80.75221,52.50737508138021
2014-04-30,1883.949951171875,81.63717,54.646017710367836
2014-05-01,1883.6800537109375,81.194695,57.30088424682617
2014-05-02,1881.1400146484375,81.2362,58.584851582845054
2014-05-05,1884.6600341796875,81.2362,58.395032246907554
2014-05-06,1867.719970703125,79.028694,54.81971995035807
2014-05-07,1878.2099609375,79.4702,53.27446492513021
2014-05-08,1875.6300048828125,79.9117,52.31787999471029
2014-05-09,1878.47998046875,81.89846,54.81971995035807
2014-05-12,1896.6500244140625,85.20972,58.86681365966797
2014-05-13,1897.449951171875,84.105965,62.030905405680336
2014-05-14,1888.530029296875,81.677704,63.13465881347656
2014-05-15,1870.8499755859375,79.24945,57.76306279500326
2014-05-16,1877.8599853515625,80.7947,54.451803843180336
2014-05-19,1885.0799560546875,81.456955,53.421634674072266
2014-05-20,1872.8299560546875,79.4702,53.05371602376302
2014-05-21,1888.030029296875,81.677704,53.20088322957357
2014-05-22,1892.489990234375,83.00221,54.451802571614586
2014-05-23,1900.530029296875,83.66446,60.33848317464193
2014-05-27,1911.9100341796875,85.43046,67.1817512512207
2014-05-28,1909.780029296875,84.76821,71.44959513346355
2014-05-29,1920.030029296875,85.651215,74.76085408528645
2014-05-30,1923.5699462890625,85.43046,75.27593739827473
2014-06-02,1924.969970703125,85.87196,77.26269276936848
2014-06-03,1924.239990234375,85.87196,77.99852752685547
2014-06-04,1927.8800048828125,86.75497,79.10227966308594
2014-06-05,1940.4599609375,87.41722,81.67770385742188
2014-06-06,1949.43994140625,88.986786,84.70338185628255
2014-06-09,1951.27001953125,89.86784,86.77393086751302
2014-06-10,1950.7900390625,88.54626,86.12334696451823
2014-06-11,1943.8900146484375,87.44493,84.1409683227539
2014-06-12,1930.1099853515625,85.68282,80.91042582194011
2014-06-13,1936.1600341796875,87.0044,79.29515329996745
2014-06-16,1937.780029296875,86.34361,78.41409556070964
2014-06-17,1941.989990234375,87.88546,80.83700307210286
2014-06-18,1956.97998046875,89.64758,83.84728240966797
2014-06-19,1959.47998046875,88.10573,87.07782491048177
2014-06-20,1962.8699951171875,87.88546,88.76651763916016
2014-06-23,1962.6099853515625,87.88546,88.25256856282552
2014-06-24,1949.97998046875,86.78414,85.90308380126953
2014-06-25,1959.530029296875,86.78414,83.55359903971355
2014-06-26,1957.219970703125,85.68282,81.42437744140625
2014-06-27,1960.9599609375,85.462555,81.20411173502605
2014-06-30,1960.22998046875,85.90308,80.98384602864583
2014-07-01,1973.3199462890625,87.88546,82.74596150716145
2014-07-02,1974.6199951171875,87.6652,83.55359903971355
2014-07-03,1985.43994140625,89.86784,84.87518564860027
2014-07-07,1977.6500244140625,88.10573,83.77386220296223
2014-07-08,1963.7099609375,85.24229,82.52569580078125
2014-07-09,1972.8299560546875,85.90308,80.9104232788086
2014-07-10,1964.6800537109375,83.92071,78.41409556070964
2014-07-11,1967.5699462890625,83.70044,76.94566853841145
2014-07-14,1977.0999755859375,84.36123,75.62408447265625
2014-07-15,1973.280029296875,84.5815,75.84435017903645
2014-07-16,1981.5699462890625,84.801765,75.33039855957031
2014-07-17,1958.1199951171875,80.616745,70.63142522176106
2014-07-18,1978.219970703125,83.03965,69.16299311319987
2014-07-21,1973.6300048828125,81.938324,67.25403722127278
2014-07-22,1983.530029296875,82.81938,70.41116078694661
2014-07-23,1987.010009765625,83.70044,70.92511240641277
2014-07-24,1987.97998046875,84.14097,71.51248168945312
2014-07-25,1978.3399658203125,81.05727,69.08957163492839
2014-07-28,1978.9100341796875,81.497795,66.15271377563477
2014-07-29,1969.949951171875,78.85463,61.82085037231445
2014-07-30,1970.0699462890625,78.41409,58.516886393229164
2014-07-31,1930.6700439453125,69.230774,48.79976145426432
2014-08-01,1925.1500244140625,68.791214,40.18637784322103
2014-08-04,1938.989990234375,69.670334,35.0183162689209
2014-08-05,1920.2099609375,66.81319,33.18681399027506
2014-08-06,1920.239990234375,66.15385,32.23443349202474
2014-08-07,1909.5699462890625,63.076927,27.032967885335285
2014-08-08,1931.5899658203125,70.54945,29.08425013224284
2014-08-11,1936.9200439453125,72.30769,33.26007334391276
2014-08-12,1933.75,70.98901,37.72893778483073
2014-08-13,1946.719970703125,72.08791,40.43955993652344
2014-08-14,1955.1800537109375,74.06593,43.51648457845052
2014-08-15,1955.06005859375,73.40659,47.619049072265625
2014-08-18,1971.739990234375,77.36264,53.62637583414713
2014-08-19,1981.5999755859375,80.43956,58.827840169270836
2014-08-20,1986.510009765625,81.0989,65.34798812866211
2014-08-21,1992.3699951171875,82.41759,68.64469146728516
2014-08-22,1988.4000244140625,81.75824,69.0842514038086
2014-08-25,1997.9200439453125,83.73627,69.96337127685547
2014-08-26,2000.02001953125,83.07693,69.15751139322917
2014-08-27,2000.1199951171875,83.29671,70.25641377766927
2014-08-28,1996.739990234375,83.07693,70.25641377766927
2014-08-29,2003.3699951171875,83.73627,71.94139353434245
2014-09-02,2002.280029296875,82.85715,73.47985331217448
2014-09-03,2000.719970703125,82.63737,74.87179311116536
2014-09-04,1997.6500244140625,83.29671,74.35897318522136
2014-09-05,2007.7099609375,84.17583,75.01831563313802
2014-09-08,2001.5400390625,81.97802,74.65201568603516
2014-09-09,1988.43994140625,79.56044,73.62637583414714
2014-09-10,1995.68994140625,80.87912,70.54945119222005
2014-09-11,1997.449951171875,81.75824,69.0842514038086
2014-09-12,1985.5400390625,78.68132,66.08058802286784
2014-09-15,1984.1300048828125,77.8022,63.223445892333984
2014-09-16,1998.97998046875,78.68132,61.684983571370445
2014-09-17,2001.5699462890625,80.0,63.00366465250651
2014-09-18,2011.3599853515625,81.75824,65.93406677246094
2014-09-19,2010.4000244140625,79.56044,66.44688669840495
2014-09-22,1994.2900390625,75.16483,63.73626454671224
2014-09-23,1982.77001953125,71.42857,57.655679066975914
2014-09-24,1998.300048828125,73.68421,53.878770192464195
2014-09-25,1965.989990234375,66.228065,48.20898564656576
2014-09-26,1982.8499755859375,69.95614,46.856727600097656
2014-09-29,1977.800048828125,69.29824,43.42105356852213
2014-09-30,1972.2900390625,67.32456,43.71345011393229
2014-10-01,1946.1600341796875,62.5,38.88888804117838
2014-10-02,1946.1700439453125,62.938595,35.01461919148763
2014-10-03,1967.9000244140625,67.32456,37.06140391031901
2014-10-06,1964.8199462890625,65.570175,40.86257298787435
2014-10-07,1935.0999755859375,57.894737,39.03508758544922
2014-10-08,1968.8900146484375,64.03509,37.93859608968099
2014-10-09,1928.2099609375,57.675438,33.62573051452637
2014-10-10,1906.1300048828125,49.7807,32.30994097391764
2014-10-13,1874.739990234375,42.105263,23.830408732096355
2014-10-14,1877.699951171875,42.105263,20.760233561197918
2014-10-15,1862.489990234375,41.00877,18.128655115763348
2014-10-16,1862.760009765625,42.543858,17.763158162434895
2014-10-17,1886.760009765625,46.710526,18.27485466003418
2014-10-20,1904.010009765625,52.297592,23.077021916707356
2014-10-21,1941.280029296875,62.363235,32.76597277323405
2014-10-22,1927.1099853515625,57.76805,38.58497428894043
2014-10-23,1950.8199462890625,63.676147,44.49307123819987
2014-10-24,1964.5799560546875,67.396065,48.57768122355143
2014-10-27,1961.6300048828125,67.17724,54.19401931762695
2014-10-28,1985.050048828125,73.085335,60.75857162475586
2014-10-29,1982.300048828125,71.77242,63.749090830485024
2014-10-30,1994.6500244140625,73.74179,68.34427642822266
2014-10-31,2018.050048828125,77.46171,72.21006520589192
2014-11-03,2017.81005859375,77.68052,76.44055430094402
2014-11-04,2012.0999755859375,76.367615,78.55579884847005
2014-11-05,2023.5699462890625,77.899345,78.40992228190105
2014-11-06,2031.2099609375,80.087524,79.28519439697266
2014-11-07,2031.9200439453125,79.86871,81.54631805419922
2014-11-10,2038.260009765625,80.74398,82.85922749837239
2014-11-11,2039.6800537109375,80.30634,84.02625783284505
2014-11-12,2038.25,80.087524,84.68271382649739
2014-11-13,2039.3299560546875,78.99343,84.90153249104817
2014-11-14,2039.8199462890625,79.21226,84.82859547932942
2014-11-17,2041.3199462890625,79.86871,84.97447458902995
2014-11-18,2051.800048828125,81.181625,86.57914225260417
2014-11-19,2048.719970703125,80.087524,87.16265614827473
2014-11-20,2052.75,80.9628,88.25674692789714
2014-11-21,2063.5,83.58862,89.05907948811848
2014-11-24,2069.409912109375,83.58862,90.51786804199219
2014-11-25,2067.030029296875,84.24507,91.17432149251302
2014-11-26,2072.830078125,83.80744,91.46608225504558
2014-11-28,2067.56005859375,81.40044,90.66374969482422
2014-12-01,2053.43994140625,79.86871,88.62144470214844
2014-12-02,2066.550048828125,80.74398,86.94383494059245
2014-12-03,2074.330078125,83.80744,86.6520767211914
2014-12-04,2071.919921875,83.58862,87.74617004394531
2014-12-05,2075.3701171875,83.80744,88.03792826334636
2014-12-08,2060.31005859375,82.05689,87.38147226969402
2014-12-09,2059.820068359375,81.83807,86.28737894694011
2014-12-10,2026.1400146484375,77.46171,83.22392272949219
2014-12-11,2035.3299560546875,78.99343,80.96280161539714
2014-12-12,2002.3299560546875,74.17943,76.6593755086263
2014-12-15,1989.6300048828125,72.647705,72.13712819417317
2014-12-16,1972.739990234375,70.45952,65.49963633219402
2014-12-17,2012.8900146484375,75.92998,65.49963633219402
2014-12-18,2061.22998046875,79.86871,71.33479309082031
2014-12-19,2070.64990234375,80.74398,79.79576873779297
2014-12-22,2078.5400390625,81.181625,84.60977172851562
2014-12-23,2082.169921875,82.49453,85.99562072753906
2014-12-24,2081.8798828125,82.05689,86.57913716634114
2014-12-26,2088.77001953125,83.150986,86.94383494059245
2014-12-29,2090.570068359375,83.150986,87.16265360514323
2014-12-30,2080.35009765625,81.83807,86.28738149007161
2014-12-31,2058.89990234375,81.181625,83.22392272949219
2015-01-02,2058.199951171875,81.181625,79.94164784749348
2015-01-05,2020.5799560546875,76.80525,70.82421493530273
2015-01-06,2002.6099853515625,73.30416,58.862144470214844
2015-01-07,2025.9000244140625,74.61707,50.9117431640625
2015-01-08,2062.139892578125,78.5558,55.36104965209961
2015-01-09,2044.81005859375,75.71116,61.56090418497721
2015-01-12,2028.260009765625,74.61707,61.633843739827476
2015-01-13,2023.030029296875,73.52297,55.79868698120117
2015-01-14,2011.27001953125,71.77242,51.34938049316406
2015-01-15,1992.6700439453125,68.70898,46.900072733561196
2015-01-16,2019.4200439453125,71.77242,45.805981953938804
2015-01-20,2022.550048828125,71.33479,46.316558837890625
2015-01-21,2032.1199951171875,74.835884,50.32822926839193
2015-01-22,2063.14990234375,77.24289,55.57986958821615
2015-01-23,2051.820068359375,75.49234,59.73741658528646
2015-01-26,2057.090087890625,75.92998,63.96790568033854
2015-01-27,2029.550048828125,72.647705,60.17505391438802
2015-01-28,2002.1600341796875,69.365425,55.36105092366537
2015-01-29,2021.25,71.99125,50.984683990478516
2015-01-30,1994.989990234375,68.27133,46.97301355997721
2015-02-02,2020.8499755859375,70.45952,47.2647705078125
2015-02-03,2050.030029296875,75.49234,51.349379221598305
2015-02-04,2041.510009765625,74.17943,57.25747426350912
2015-02-05,2062.52001953125,76.367615,64.11378606160481
2015-02-06,2055.469970703125,77.899345,64.47848383585612
2015-02-09,2046.739990234375,77.24289,64.84318288167317
2015-02-10,2068.590087890625,78.99343,64.84318288167317
2015-02-11,2068.530029296875,79.64989,65.86433410644531
2015-02-12,2088.47998046875,81.83807,70.60540008544922
2015-02-13,2096.989990234375,83.150986,72.13712819417317
2015-02-17,2100.340087890625,84.02626,74.47119140625
2015-02-18,2099.679931640625,82.93217,75.34646352132161
2015-02-19,2097.449951171875,83.369804,76.29467519124348
2015-02-20,2110.300048828125,84.68272,78.04522196451823
2015-02-23,2109.659912109375,83.80744,79.06637318929036
2015-02-24,2115.47998046875,84.68272,80.01458485921223
2015-02-25,2113.860107421875,84.68272,79.13931274414062
2015-02-26,2110.739990234375,83.58862,77.46170806884766
2015-02-27,2104.5,83.58862,75.63822174072266
2015-03-02,2117.389892578125,83.369804,74.90882619222005
2015-03-03,2107.780029296875,82.71335,74.32530721028645
2015-03-04,2098.530029296875,80.74398,72.7935791015625
2015-03-05,2101.0400390625,80.30634,71.18891143798828
2015-03-06,2071.260009765625,75.71116,67.39606221516927
2015-03-09,2079.429931640625,76.148796,65.64551544189453
2015-03-10,2044.1600341796875,72.42888,58.4974479675293
2015-03-11,2040.239990234375,72.21007,55.36104838053385
2015-03-12,2065.949951171875,75.92998,54.92341105143229
2015-03-13,2053.39990234375,73.96062,57.4762929280599
2015-03-16,2081.18994140625,76.58643,61.77972284952799
2015-03-17,2074.280029296875,75.71116,61.998541514078774
2015-03-18,2099.5,79.21226,66.81254323323567
2015-03-19,2089.27001953125,78.118164,67.97957356770833
2015-03-20,2108.10009765625,80.74398,72.4288813273112
2015-03-23,2104.419921875,80.74398,72.72064208984375
2015-03-24,2091.5,78.99343,72.57476552327473
2015-03-25,2061.050048828125,75.27353,65.20788065592448
2015-03-26,2056.14990234375,72.647705,58.86214701334635
2015-03-27,2061.02001953125,73.30416,54.8504753112793
2015-03-30,2086.239990234375,77.02407,59.51859919230143
2015-03-31,2067.889892578125,74.45415,61.66298802693685
2015-04-01,2059.68994140625,73.144104,60.74837875366211
2015-04-02,2066.9599609375,75.10917,57.4963633219401
2015-04-06,2080.6201171875,76.855896,59.75254821777344
2015-04-07,2076.330078125,75.54585,62.22707494099935
2015-04-08,2081.89990234375,76.200874,63.53711827596029
2015-04-09,2091.179931640625,76.63756,62.59097544352213
2015-04-10,2102.06005859375,77.9476,64.192138671875
2015-04-13,2092.429931640625,75.98254,63.60989634195963
2015-04-14,2095.840087890625,77.9476,62.154293060302734
2015-04-15,2106.6298828125,79.47598,61.208151499430336
2015-04-16,2104.989990234375,78.602615,61.644832611083984
2015-04-17,2081.179931640625,76.63756,56.695779164632164
2015-04-20,2100.39990234375,78.38428,54.6579335530599
2015-04-21,2097.2900390625,77.729256,52.76564915974935
2015-04-22,2107.9599609375,79.0393,57.71470260620117
2015-04-23,2112.929931640625,80.34934,59.46142705281576
2015-04-24,2117.68994140625,79.69433,60.844250996907554
2015-04-27,2108.919921875,78.602615,59.31586710611979
2015-04-28,2114.760009765625,79.47598,56.914119720458984
2015-04-29,2106.85009765625,79.47598,53.42066955566406
2015-04-30,2085.510009765625,74.23581,48.398834228515625
2015-05-01,2108.2900390625,77.9476,46.87044906616211
2015-05-04,2114.489990234375,79.47598,48.762733459472656
2015-05-05,2089.4599609375,72.270744,49.563316345214844
2015-05-06,2080.14990234375,72.0524,45.99708684285482
2015-05-07,2088.0,72.270744,42.64919789632162
2015-05-08,2116.10009765625,75.98254,47.6710319519043
2015-05-11,2105.330078125,73.799126,52.62008539835612
2015-05-12,2099.1201171875,73.799126,54.075689951578774
2015-05-13,2098.47998046875,74.23581,51.81950251261393
2015-05-14,2121.10009765625,77.9476,54.43959172566732
2015-05-15,2122.72998046875,79.257645,59.31586583455404
2015-05-18,2129.199951171875,80.34934,64.77438100179036
2015-05-19,2127.830078125,79.91266,66.1572036743164
2015-05-20,2125.85009765625,79.0393,66.95778401692708
2015-05-21,2130.820068359375,79.91266,66.66666412353516
2015-05-22,2126.06005859375,78.38428,65.720521291097
2015-05-26,2104.199951171875,74.45415,60.84424845377604
2015-05-27,2123.47998046875,76.200874,58.80640411376953
2015-05-28,2120.7900390625,76.41922,57.64192199707031
2015-05-29,2107.389892578125,73.58078,57.56914265950521
2015-06-01,2111.72998046875,74.45415,55.74963633219401
2015-06-02,2109.60009765625,72.925766,53.3478889465332
2015-06-03,2114.070068359375,70.9607,54.14847056070963
2015-06-04,2095.840087890625,67.03056,51.89228439331055
2015-06-05,2092.830078125,66.812225,49.56331888834635
2015-06-08,2079.280029296875,65.283844,44.97816594441732
2015-06-09,2080.14990234375,65.065506,41.92139689127604
2015-06-10,2105.199951171875,68.77729,43.08587900797526
2015-06-11,2108.860107421875,70.08734,47.45269266764323
2015-06-12,2094.110107421875,66.812225,50.87336222330729
2015-06-15,2084.429931640625,65.283844,48.98107655843099
2015-06-16,2096.2900390625,66.812225,46.79766972859701
2015-06-17,2100.43994140625,67.24891,46.65210978190104
2015-06-18,2121.239990234375,71.61572,52.110626220703125
2015-06-19,2109.989990234375,68.340614,55.895196278889976
2015-06-22,2122.85009765625,69.868996,60.698689778645836
2015-06-23,2124.199951171875,69.43231,60.48034795125326
2015-06-24,2108.580078125,66.812225,57.714700063069664
2015-06-25,2102.31005859375,65.72052,52.838425954182945
2015-06-26,2101.489990234375,67.03056,49.41775767008463
2015-06-29,2057.639892578125,57.641922,42.35807863871256
2015-06-30,2063.110107421875,58.078606,37.55458641052246
2015-07-01,2077.419921875,61.353714,33.69723574320475
2015-07-02,2076.780029296875,60.04367,36.60844421386719
2015-07-06,2068.760009765625,59.347828,37.501425425211586
2015-07-07,2081.340087890625,62.826084,39.330422719319664
2015-07-08,2046.6800537109375,55.869568,37.463768005371094
2015-07-09,2051.31005859375,56.086956,36.52173868815104
2015-07-10,2076.6201171875,59.565216,36.8840586344401
2015-07-13,2099.60009765625,63.04348,43.623190561930336
2015-07-14,2108.949951171875,65.0,51.231885274251304
2015-07-15,2107.39990234375,64.565216,54.637682596842446
2015-07-16,2124.2900390625,66.95652,57.46376927693685
2015-07-17,2126.639892578125,63.47826,57.60869852701823
2015-07-20,2128.280029296875,63.47826,59.05797322591146
2015-07-21,2119.2099609375,60.000004,56.231886545817055
2015-07-22,2114.14990234375,60.434784,55.36231994628906
2015-07-23,2102.14990234375,59.219086,52.35499572753906
2015-07-24,2079.64990234375,56.182213,49.280077616373696
2015-07-27,2067.639892578125,54.446854,44.83007939656576
2015-07-28,2093.25,58.13449,44.32393264770508
2015-07-29,2108.570068359375,61.388283,48.80694071451823
2015-07-30,2108.6298828125,61.6052,54.302242279052734
2015-07-31,2103.840087890625,63.55748,57.48373158772787
2015-08-03,2098.0400390625,64.64208,57.48373158772787
2015-08-04,2093.320068359375,62.472885,57.04989115397135
2015-08-05,2099.840087890625,62.906723,57.26681009928385
2015-08-06,2083.56005859375,61.6052,56.47143809000651
2015-08-07,2077.570068359375,63.34056,55.459145863850914
2015-08-10,2104.179931640625,65.07592,56.32682418823242
2015-08-11,2084.070068359375,63.774403,56.54374440511068
2015-08-12,2086.050048828125,64.42516,55.8206787109375
2015-08-13,2083.389892578125,63.55748,53.07302983601888
2015-08-14,2091.5400390625,66.160515,54.08532206217448
2015-08-17,2102.43994140625,67.0282,56.977586110432945
2015-08-18,2096.919921875,64.42516,59.07447814941406
2015-08-19,2079.610107421875,63.774403,57.19450759887695
2015-08-20,2035.72998046875,55.965294,50.325382232666016
2015-08-21,1970.8900146484375,44.034706,38.539408365885414
2015-08-24,1893.2099609375,22.559652,24.00578498840332
2015-08-25,1867.6099853515625,20.390455,12.725957870483398
2015-08-26,1940.510009765625,29.501083,8.893709500630697
2015-08-27,1987.6600341796875,38.611713,13.159797350565592
2015-08-28,1988.8699951171875,37.527115,18.87201722462972
2015-08-31,1972.1800537109375,33.839478,20.318148295084637
2015-09-01,1913.8499755859375,23.427332,15.54591433207194
2015-09-02,1948.8599853515625,30.368763,12.075198491414389
2015-09-03,1951.1300048828125,31.019524,11.424439748128256
2015-09-04,1921.219970703125,26.030367,12.147505760192871
2015-09-08,1969.4100341796875,34.707157,15.03976853688558
2015-09-09,1942.0400390625,30.8026,14.822848955790201
2015-09-10,1952.2900390625,31.67028,17.281272252400715
2015-09-11,1961.050048828125,34.27332,17.642805099487305
2015-09-14,1953.030029296875,32.75488,19.595082600911457
2015-09-15,1978.0899658203125,36.00868,22.9211851755778
2015-09-16,1995.31005859375,37.744034,26.970353444417317
2015-09-17,1990.199951171875,38.394794,31.8872013092041
2015-09-18,1958.030029296875,33.40564,31.8872013092041
2015-09-21,1966.969970703125,35.79176,30.730296452840168
2015-09-22,1942.739990234375,30.8026,26.030368169148762
2015-09-23,1938.760009765625,31.453362,24.656543731689453
2015-09-24,1932.239990234375,30.8026,21.54736073811849
2015-09-25,1931.3399658203125,32.104122,22.1981201171875
2015-09-28,1881.77001953125,24.51193,18.438177744547527
2015-09-29,1884.0899658203125,25.813448,15.545914967854818
2015-09-30,1920.030029296875,30.368763,14.605929056803385
2015-10-01,1923.8199462890625,30.151844,18.004337946573894
2015-10-02,1951.3599853515625,34.92408,24.1503963470459
2015-10-05,1987.050048828125,40.130154,32.8994935353597
2015-10-06,1979.9200439453125,38.311687,39.81025060017904
2015-10-07,1995.8299560546875,41.12554,46.353684743245445
2015-10-08,2013.4300537109375,44.155846,50.144301096598305
2015-10-09,2014.8900146484375,43.506493,56.3492062886556
2015-10-12,2017.4599609375,44.805195,60.389610290527344
2015-10-13,2003.68994140625,41.34199,59.95670954386393
2015-10-14,1994.239990234375,39.61039,56.20490646362305
2015-10-15,2023.8599853515625,44.588745,55.77200571695963
2015-10-16,2033.1099853515625,46.103893,57.43145879109701
2015-10-19,2033.6600341796875,45.356373,61.859259287516274
2015-10-20,2030.77001953125,46.220303,63.97498575846354
2015-10-21,2018.93994140625,42.332615,64.21886189778645
2015-10-22,2052.510009765625,47.73218,67.24262110392253
2015-10-23,2075.14990234375,50.53996,70.69834264119466
2015-10-26,2071.179931640625,49.028076,76.02591451009114
2015-10-27,2065.889892578125,47.948162,76.60187021891277
2015-10-28,2090.35009765625,55.939526,77.53779602050781
2015-10-29,2089.409912109375,55.291576,78.2577387491862
2015-10-30,2079.360107421875,52.699787,79.76961517333984
2015-11-02,2104.050048828125,58.099354,79.91360473632812
2015-11-03,2109.7900390625,58.7473,80.34557342529297
2015-11-04,2102.31005859375,57.667385,81.06551615397136
2015-11-05,2099.929931640625,58.099354,80.34557342529297
2015-11-06,2099.199951171875,57.451405,78.32973225911458
2015-11-09,2078.580078125,53.99568,75.59395090738933
2015-11-10,2081.719970703125,53.779697,74.08207194010417
2015-11-11,2075.0,53.99568,73.36212921142578
2015-11-12,2045.969970703125,47.5162,70.7703374226888
2015-11-13,2023.0400390625,43.62851,65.15478642781575
2015-11-16,2053.18994140625,49.460045,62.778977711995445
2015-11-17,2050.43994140625,48.38013,61.84305191040039
2015-11-18,2083.580078125,54.427647,66.45068359375
2015-11-19,2081.239990234375,54.525864,68.84573364257812
2015-11-20,2089.169921875,57.974136,72.53698984781902
2015-11-23,2086.590087890625,57.543106,73.27586110432942
2015-11-24,2089.139892578125,58.62069,73.13218180338542
2015-11-25,2088.8701171875,58.62069,73.34769948323567
2015-11-27,2090.110107421875,59.267242,73.70689646402995
2015-11-30,2080.409912109375,58.83621,73.70689646402995
2015-12-01,2102.6298828125,61.422413,75.64655303955078
2015-12-02,2079.510009765625,58.62069,75.0
2015-12-03,2049.6201171875,51.293106,70.11494318644206
2015-12-04,2091.68994140625,58.189655,67.02586237589519
2015-12-07,2077.070068359375,55.38793,64.8706906636556
2015-12-08,2063.590087890625,53.87931,65.08620834350586
2015-12-09,2047.6199951171875,49.353447,59.12356440226237
2015-12-10,2052.22998046875,50.431038,53.30459849039713
2015-12-11,2012.3699951171875,43.318966,44.75574747721354
2015-12-14,2021.93994140625,43.96552,39.22413762410482
2015-12-15,2043.4100341796875,50.64655,38.00287373860677
2015-12-16,2073.070068359375,54.956894,46.62356313069662
2015-12-17,2041.8900146484375,50.64655,50.50287373860677
2015-12-18,2005.550048828125,45.25862,45.977011362711586
2015-12-21,2021.1500244140625,47.198277,38.72126388549805
2015-12-22,2038.969970703125,50.0,38.936780293782554
2015-12-23,2064.2900390625,54.094826,47.27011489868164
2015-12-24,2060.989990234375,53.87931,53.735633850097656
2015-12-28,2056.5,53.66379,56.03448359171549
2015-12-29,2078.360107421875,57.758625,57.90229797363281
2015-12-30,2063.360107421875,55.60345,58.04597473144531
2015-12-31,2043.93994140625,51.508625,54.956896464029946
2016-01-04,2012.6600341796875,45.47414,44.03735669453939
2016-01-05,2016.7099609375,45.905174,36.494253158569336
2016-01-06,1990.260009765625,39.22414,30.459768931070965
2016-01-07,1943.0899658203125,32.327587,26.364941279093426
2016-01-08,1922.030029296875,26.939655,19.540228843688965
2016-01-11,1923.6700439453125,27.586206,15.445401827494303
2016-01-12,1938.6800537109375,30.387932,15.948275566101074
2016-01-13,1890.280029296875,24.353447,15.732758522033691
2016-01-14,1921.8399658203125,26.939655,15.517241795857748
2016-01-15,1880.3299560546875,22.844828,12.787356694539389
2016-01-19,1881.3299560546875,24.353447,12.643678347269693
2016-01-20,1859.3299560546875,21.551723,10.704022725423178
2016-01-21,1868.989990234375,20.689655,10.560344696044922
2016-01-22,1906.9000244140625,26.724138,11.853448232014975
2016-01-25,1877.0799560546875,24.353447,13.505747159322103
2016-01-26,1903.6300048828125,28.01724,16.594827969868977
2016-01-27,1882.949951171875,26.939655,16.163793245951336
2016-01-28,1893.3599853515625,25.646553,18.10344886779785
2016-01-29,1940.239990234375,34.698277,22.413793563842773
2016-02-01,1939.3800048828125,35.344826,28.520116170247395
2016-02-02,1903.030029296875,30.603447,30.531609853108723
2016-02-03,1912.530029296875,30.387932,30.172414143880207
2016-02-04,1915.449951171875,31.465519,29.310344696044922
2016-02-05,1880.050048828125,26.077587,29.166666666666668
2016-02-08,1853.43994140625,23.275862,26.221264521280926
2016-02-09,1852.2099609375,23.922413,23.70689646402995
2016-02-10,1851.8599853515625,25.215519,23.70689646402995
2016-02-11,1829.0799560546875,22.198277,23.204022725423176
2016-02-12,1864.780029296875,26.724138,24.78448232014974
2016-02-16,1895.5799560546875,29.741379,28.663792928059895
2016-02-17,1926.8199462890625,34.698277,36.709770838419594
2016-02-18,1917.8299560546875,32.75862,42.313219706217446
2016-02-19,1917.780029296875,34.482758,45.833334604899086
2016-02-22,1945.5,39.22414,49.425286610921226
2016-02-23,1921.27001953125,36.422413,50.64655049641927
2016-02-24,1929.800048828125,37.5,53.01723988850912
2016-02-25,1951.699951171875,40.301723,54.45402272542318
2016-02-26,1948.050048828125,41.16379,58.83620580037435
2016-02-29,1932.22998046875,39.655174,60.272987365722656
2016-03-01,1978.3499755859375,47.844826,64.65517171223958
2016-03-02,1986.449951171875,48.706894,69.61206817626953
2016-03-03,1993.4000244140625,52.155174,77.37068939208984
2016-03-04,1999.989990234375,53.87931,80.67528533935547
2016-03-07,2001.760009765625,55.38793,82.18390655517578
2016-03-08,1979.260009765625,50.64655,79.66953786214192
2016-03-09,1989.260009765625,51.939655,78.16091664632161
2016-03-10,1989.5699462890625,52.155174,77.65804290771484
2016-03-11,2022.18994140625,60.344826,82.90229797363281
2016-03-14,2019.6400146484375,60.344826,86.49425252278645
2016-03-15,2015.9300537109375,57.758625,89.15230051676433
2016-03-16,2027.219970703125,60.344826,89.22413635253906
2016-03-17,2040.5899658203125,62.71552,89.72701263427734
2016-03-18,2049.580078125,64.87069,91.4511489868164
2016-03-21,2051.60009765625,64.22414,92.31321970621745
2016-03-22,2049.800048828125,65.51724,93.46264394124348
2016-03-23,2036.7099609375,60.991375,93.39080556233723
2016-03-24,2035.93994140625,61.206894,93.03161112467448
2016-03-28,2037.050048828125,61.206894,92.31321970621745
2016-03-29,2055.010009765625,64.00862,92.74425506591797
2016-03-30,2063.949951171875,66.16379,94.03735605875652
2016-03-31,2059.739990234375,67.88793,94.89942423502605
2016-04-01,2072.780029296875,68.534485,95.47413635253906
2016-04-04,2066.1298828125,67.67242,95.1149419148763
2016-04-05,2045.1700439453125,62.71552,93.67816162109375
2016-04-06,2066.659912109375,66.594826,93.10344950358073
2016-04-07,2041.9100341796875,64.00862,90.37356567382812
2016-04-08,2047.5999755859375,64.655174,89.43965657552083
2016-04-11,2041.989990234375,63.36207,86.85344950358073
2016-04-12,2061.719970703125,66.16379,87.71551767985027
2016-04-13,2082.419921875,70.68965,89.58333333333333
2016-04-14,2082.780029296875,70.68965,91.16379038492839
2016-04-15,2080.72998046875,71.55172,92.16953786214192
2016-04-18,2094.340087890625,72.41379,92.16953786214192
2016-04-19,2100.800048828125,75.0,92.6724141438802
2016-04-20,2102.39990234375,77.37069,91.09195454915364
2016-04-21,2091.47998046875,76.50862,86.70977274576823
2016-04-22,2091.580078125,77.80172,82.90230051676433
2016-04-25,2087.7900390625,76.293106,80.31609344482422
2016-04-26,2091.699951171875,79.52586,80.1724141438802
2016-04-27,2095.14990234375,81.034485,80.38793182373047
2016-04-28,2075.81005859375,75.64655,79.45402272542317
2016-04-29,2065.300048828125,72.62931,76.2212651570638
2016-05-02,2081.429931640625,76.293106,74.49712626139323
2016-05-03,2063.3701171875,71.55172,72.5574722290039
2016-05-04,2051.1201171875,67.67242,70.97701009114583
2016-05-05,2050.6298828125,67.02586,66.23563130696614
2016-05-06,2057.139892578125,68.75,64.79884847005208
2016-05-09,2058.68994140625,69.18104,65.01436869303386
2016-05-10,2084.389892578125,73.92242,68.75
2016-05-11,2064.4599609375,70.68965,68.31896464029948
2016-05-12,2064.110107421875,69.82758,67.45689392089844
2016-05-13,2046.6099853515625,68.10345,61.42241287231445
2016-05-16,2066.659912109375,70.043106,60.272989908854164
2016-05-17,2047.2099609375,68.534485,56.39367930094401
2016-05-18,2047.6300048828125,70.25862,54.45402272542318
2016-05-19,2040.0400390625,68.10345,49.06609090169271
2016-05-20,2052.320068359375,72.19828,48.8505744934082
2016-05-23,2048.0400390625,69.39655,48.706896464029946
2016-05-24,2076.06005859375,76.293106,54.238505045572914
2016-05-25,2090.5400390625,78.44828,59.48275883992513
2016-05-26,2090.10009765625,77.37069,65.08620580037434
2016-05-27,2099.06005859375,80.17242,67.88792928059895
2016-05-31,2096.949951171875,79.74138,69.1810302734375
2016-06-01,2099.330078125,79.52586,71.1925277709961
2016-06-02,2105.260009765625,80.60345,72.84482828776042
2016-06-03,2099.1298828125,78.23276,73.41954040527344
2016-06-06,2109.409912109375,79.31035,73.9224116007487
2016-06-07,2112.1298828125,80.81896,74.2097676595052
2016-06-08,2119.1201171875,81.68104,76.50862121582031
2016-06-09,2115.47998046875,79.31035,77.1551742553711
2016-06-10,2096.070068359375,75.64655,74.13793182373047
2016-06-13,2079.06005859375,73.706894,67.45689646402995
2016-06-14,2075.320068359375,72.41379,61.278734842936196
2016-06-15,2071.5,72.41379,57.47126388549805
2016-06-16,2077.989990234375,72.41379,57.040228525797524
2016-06-17,2071.219970703125,71.55172,56.752872467041016
2016-06-20,2083.25,73.92242,59.9137929280599
2016-06-21,2088.89990234375,74.56896,62.28448486328125
2016-06-22,2085.449951171875,74.13793,65.15804799397786
2016-06-23,2113.320068359375,77.63441,68.33688863118489
2016-06-24,2037.4100341796875,65.161285,59.32965596516927
2016-06-27,2000.5400390625,59.139782,45.59139760335287
2016-06-28,2036.0899658203125,63.870968,32.90322494506836
2016-06-29,2070.77001953125,67.741936,36.9892463684082
2016-06-30,2098.860107421875,71.6129,49.605734507242836
2016-07-01,2102.949951171875,70.96774,58.924730936686196
2016-07-05,2088.550048828125,68.02575,60.53394317626953
2016-07-06,2099.72998046875,68.45493,60.2753537495931
2016-07-07,2097.89990234375,68.45493,58.86981201171875
2016-07-08,2129.89990234375,73.81975,65.02145640055339
2016-07-11,2137.159912109375,75.10729,70.45779546101888
2016-07-12,2152.139892578125,77.25322,77.96852620442708
2016-07-13,2152.429931640625,77.25322,80.82975514729817
2016-07-14,2163.75,78.969955,83.76251729329427
2016-07-15,2161.739990234375,79.61373,84.54935455322266
2016-07-18,2166.889892578125,80.25751,85.69384765625
2016-07-19,2163.780029296875,79.82833,85.05006917317708
2016-07-20,2173.02001953125,81.54507,85.05006917317708
2016-07-21,2165.169921875,80.47211,84.33476257324219
2016-07-22,2175.030029296875,82.61803,85.05006917317708
2016-07-25,2168.47998046875,82.188835,84.47782389322917
2016-07-26,2169.179931640625,82.83262,84.69241587320964
2016-07-27,2166.580078125,83.04721,82.33190155029297
2016-07-28,2170.06005859375,83.04721,80.6866938273112
2016-07-29,2173.60009765625,81.97425,78.61230214436848
2016-08-01,2170.840087890625,80.90129,77.39628092447917
2016-08-02,2157.030029296875,78.969955,74.24892679850261
2016-08-03,2163.7900390625,81.54507,72.38912709554036
2016-08-04,2164.25,80.25751,71.10157267252605
2016-08-05,2182.8701171875,84.97854,73.46208953857422
2016-08-08,2180.889892578125,85.622314,74.24892679850261
2016-08-09,2181.739990234375,84.549355,74.82117207845052
2016-08-10,2175.489990234375,84.12017,73.31902567545573
2016-08-11,2185.7900390625,85.40773,73.03290557861328
2016-08-12,2184.050048828125,85.40773,73.31902821858723
2016-08-15,2190.14990234375,85.622314,74.17739613850911
2016-08-16,2178.14990234375,84.549355,73.10443369547527
2016-08-17,2182.219970703125,85.22484,72.26643625895183
2016-08-18,2187.02001953125,85.010704,71.71349080403645
2016-08-19,2183.8701171875,85.86724,71.80585225423177
2016-08-22,2182.639892578125,85.86724,71.80585225423177
2016-08-23,2186.89990234375,86.509636,71.30620829264323
2016-08-24,2175.43994140625,86.08137,70.44967651367188
2016-08-25,2172.469970703125,85.010704,68.8793716430664
2016-08-26,2169.0400390625,82.86938,66.23840077718098
2016-08-29,2180.3798828125,84.79657,65.81013743082683
2016-08-30,2176.1201171875,83.725914,65.31049346923828
2016-08-31,2170.949951171875,83.297646,64.88222885131836
2016-09-01,2170.860107421875,83.51177,63.668809254964195
2016-09-02,2179.97998046875,84.79657,64.025697072347
2016-09-06,2186.47998046875,86.509636,65.38187154134114
2016-09-07,2186.159912109375,85.6531,66.45253245035808
2016-09-08,2181.300048828125,84.79657,65.09635798136394
2016-09-09,2127.81005859375,77.301926,56.24553680419922
2016-09-12,2159.0400390625,82.22698,50.678086598714195
2016-09-13,2127.02001953125,77.51606,42.32690938313802
2016-09-14,2125.77001953125,77.0878,40.68522516886393
2016-09-15,2147.260009765625,79.014984,38.68665313720703
2016-09-16,2139.159912109375,78.80086,39.400428771972656
2016-09-19,2139.1201171875,79.44325,41.898643493652344
2016-09-20,2139.760009765625,77.51606,41.97002156575521
2016-09-21,2163.1201171875,80.942184,47.394718170166016
2016-09-22,2177.179931640625,83.297646,54.461098988850914
2016-09-23,2164.68994140625,80.72806,59.02926381429037
2016-09-26,2146.10009765625,78.80086,57.60171254475912
2016-09-27,2159.929931640625,80.513916,54.889366149902344
2016-09-28,2171.3701171875,82.22698,55.38900883992513
2016-09-29,2151.1298828125,80.085655,53.74732335408529
2016-09-30,2168.27001953125,81.79871,53.60456848144531
2016-10-03,2161.199951171875,80.085655,51.46324030558268
2016-10-04,2150.489990234375,75.37473,51.53461837768555
2016-10-05,2159.72998046875,76.068375,50.21337000528971
2016-10-06,2160.77001953125,76.068375,49.819573720296226
2016-10-07,2153.739990234375,73.290596,49.7150993347168
2016-10-10,2163.659912109375,75.0,49.07407251993815
2016-10-11,2136.72998046875,70.08547,43.803418477376304
2016-10-12,2139.179931640625,71.794876,40.09971491495768
2016-10-13,2132.550048828125,72.86324,34.18803405761719
2016-10-14,2132.97998046875,70.726494,32.40740648905436
2016-10-17,2126.5,69.65812,30.55555534362793
2016-10-18,2139.60009765625,72.008545,31.410256067911785
2016-10-19,2144.2900390625,72.008545,33.68945821126302
2016-10-20,2141.340087890625,70.726494,35.96865971883138
2016-10-21,2141.159912109375,69.65812,36.32478586832682
2016-10-24,2151.330078125,72.4359,37.108262379964195
2016-10-25,2143.159912109375,69.871796,37.25071334838867
2016-10-26,2139.429931640625,67.73504,37.60683822631836
2016-10-27,2133.0400390625,63.675213,34.97150993347168
2016-10-28,2126.409912109375,64.74359,34.25925890604655
2016-10-31,2126.14990234375,67.73504,36.25356101989746
2016-11-01,2111.719970703125,62.68657,36.58629862467448
2016-11-02,2097.93994140625,58.848614,34.50042215983073
2016-11-03,2088.659912109375,58.422173,29.92181968688965
2016-11-04,2085.179931640625,58.422173,28.216063181559246
2016-11-07,2131.52001953125,64.605545,33.83084487915039
2016-11-08,2139.56005859375,66.52452,41.57782300313314
2016-11-09,2163.260009765625,67.16418,50.604119618733726
2016-11-10,2167.47998046875,65.45842,54.44207255045573
2016-11-11,2164.449951171875,65.67164,55.934611002604164
2016-11-14,2164.199951171875,65.24521,56.92963790893555
2016-11-15,2180.389892578125,66.73774,57.92466481526693
2016-11-16,2176.93994140625,66.09808,59.1329091389974
2016-11-17,2187.1201171875,68.656715,60.55437215169271
2016-11-18,2181.89990234375,68.23028,61.051883697509766
2016-11-21,2198.179931640625,70.78892,62.68656794230143
2016-11-22,2202.93994140625,70.57569,64.17910512288411
2016-11-23,2204.719970703125,70.78892,65.67164357503255
2016-11-25,2213.35009765625,72.49467,67.59061940511067
2016-11-28,2201.719970703125,70.57569,68.23027801513672
2016-11-29,2204.659912109375,71.00213,69.36744944254558
2016-11-30,2198.81005859375,66.95096,67.09310658772786
2016-12-01,2191.080078125,64.17911,63.397300720214844
2016-12-02,2191.949951171875,64.17911,60.0568593343099
2016-12-05,2204.7099609375,65.884865,59.63042068481445
2016-12-06,2212.22998046875,67.59062,62.33120091756185
2016-12-07,2241.35009765625,70.149254,65.81378809611003
2016-12-08,2246.18994140625,72.06823,69.36744944254558
2016-12-09,2259.530029296875,71.85501,72.70789082845052
2016-12-12,2256.9599609375,72.92111,75.40867106119792
2016-12-13,2271.719970703125,74.84009,78.10945129394531
2016-12-14,2253.280029296875,71.64179,77.54086558024089
2016-12-15,2262.030029296875,72.06823,76.47476704915364
2016-12-16,2258.070068359375,72.06823,74.4136454264323
2016-12-19,2262.530029296875,71.85501,75.26652526855469
2016-12-20,2270.760009765625,72.92111,76.1904780069987
2016-12-21,2265.179931640625,71.00213,77.1144282023112
2016-12-22,2260.9599609375,69.936035,76.40369415283203
2016-12-23,2263.7900390625,70.149254,76.2615483601888
2016-12-27,2268.8798828125,70.57569,76.68798828125
2016-12-28,2249.919921875,68.23028,75.62188975016277
2016-12-29,2249.260009765625,69.72282,74.34256998697917
2016-12-30,2238.830078125,67.59062,71.28642272949219
2017-01-03,2257.830078125,70.149254,73.1343256632487
2017-01-04,2270.75,73.34755,76.61691538492839
2017-01-05,2269.0,73.56077,81.66311391194661
2017-01-06,2276.97998046875,74.41364,83.93745676676433
2017-01-09,2268.89990234375,72.28145,82.87135823567708
2017-01-10,2268.89990234375,73.77399,81.1655985514323
2017-01-11,2275.320068359375,74.200424,80.7391586303711
2017-01-12,2270.43994140625,73.34755,80.59701029459636
2017-01-13,2274.639892578125,74.200424,81.30774434407552
2017-01-17,2267.889892578125,75.69296,80.02842966715495
2017-01-18,2271.889892578125,75.69296,80.02842966715495
2017-01-19,2263.68994140625,73.56077,77.11442565917969
2017-01-20,2271.31005859375,73.98721,76.2615458170573
2017-01-23,2265.199951171875,73.34755,73.27647145589192
2017-01-24,2280.070068359375,75.69296,75.12437693277995
2017-01-25,2298.3701171875,76.54584,76.97227986653645
2017-01-26,2296.679931640625,76.54584,79.3887710571289
2017-01-27,2294.68994140625,74.62686,78.18052673339844
2017-01-30,2280.89990234375,74.41364,74.27150217692058
2017-01-31,2278.8701171875,75.90618,71.21535237630208
2017-02-01,2279.550048828125,73.82979,67.3323351542155
2017-02-02,2280.85009765625,75.74468,65.65183130900066
2017-02-03,2297.419921875,76.80851,66.8085110982259
2017-02-06,2292.56005859375,75.53192,69.00709279378255
2017-02-07,2293.080078125,76.38298,70.85106404622395
2017-02-08,2294.669921875,77.65958,70.28368886311848
2017-02-09,2307.8701171875,80.42553,72.41134897867839
2017-02-10,2316.10009765625,81.702126,75.60283660888672
2017-02-13,2328.25,82.76595,79.7872314453125
2017-02-14,2337.580078125,82.97873,81.84396870930989
2017-02-15,2349.25,84.46809,83.04964447021484
2017-02-16,2347.219970703125,84.25532,82.83687845865886
2017-02-17,2351.159912109375,84.04256,82.62411244710286
2017-02-21,2365.3798828125,87.02128,82.97872161865234
2017-02-22,2362.820068359375,85.53191,82.83687845865886
2017-02-23,2363.81005859375,85.53191,82.97872161865234
2017-02-24,2367.340087890625,87.44681,82.69503275553386
2017-02-27,2369.75,87.23405,83.19148763020833
2017-02-28,2363.639892578125,87.23405,82.76595560709636
2017-03-01,2395.9599609375,88.297874,83.12056732177734
2017-03-02,2381.919921875,87.44681,82.55319213867188
2017-03-03,2383.1201171875,87.44681,82.76595815022786
2017-03-06,2375.31005859375,85.95745,81.13475036621094
2017-03-07,2368.389892578125,84.893616,79.64538828531902
2017-03-08,2362.97998046875,81.48936,77.58865356445312
2017-03-09,2364.8701171875,81.914894,75.24822998046875
2017-03-10,2372.60009765625,81.914894,74.0425542195638
2017-03-13,2373.469970703125,82.97873,73.61701965332031
2017-03-14,2365.449951171875,82.34042,73.7588628133138
2017-03-15,2385.260009765625,85.53191,75.10638173421223
2017-03-16,2381.3798828125,84.46809,75.8865254720052
2017-03-17,2378.25,85.53191,77.09220123291016
2017-03-20,2373.469970703125,84.46809,76.0992940266927
2017-03-21,2344.02001953125,81.702126,70.70922215779622
2017-03-22,2348.449951171875,82.12766,66.52482223510742
2017-03-23,2345.9599609375,83.19149,62.411346435546875
2017-03-24,2343.97998046875,82.97873,62.8368771870931
2017-03-27,2341.590087890625,82.55319,61.063828786214195
2017-03-28,2358.570068359375,83.82979,61.13475036621094
2017-03-29,2361.1298828125,84.68085,62.0567372639974
2017-03-30,2368.06005859375,84.25532,64.68085225423177
2017-03-31,2362.719970703125,84.04256,65.53191630045573
2017-04-03,2358.840087890625,83.19149,64.53900782267253
2017-04-04,2360.159912109375,83.19149,63.0496457417806
2017-04-05,2352.949951171875,82.34042,60.354610443115234
2017-04-06,2357.489990234375,83.19149,60.28368886311849
2017-04-07,2355.5400390625,82.76595,59.14893595377604
2017-04-10,2357.159912109375,82.97873,59.9290771484375
2017-04-11,2353.780029296875,82.97873,59.21985753377279
2017-04-12,2344.929931640625,82.76595,56.59574508666992
2017-04-13,2328.949951171875,79.78724,50.99290974934896
2017-04-17,2349.010009765625,81.48936,49.2198600769043
2017-04-18,2342.18994140625,80.0,49.29078165690104
2017-04-19,2338.169921875,80.6383,51.773049672444664
2017-04-20,2355.840087890625,82.34042,53.54609934488932
2017-04-21,2348.68994140625,81.914894,55.248226165771484
2017-04-24,2374.14990234375,83.40425,59.99999872843424
2017-04-25,2388.610107421875,84.68085,62.482269287109375
2017-04-26,2387.449951171875,84.04256,65.9574483235677
2017-04-27,2388.77001953125,83.40425,67.02127838134766
2017-04-28,2384.199951171875,82.377914,65.98334503173828
2017-05-01,2388.330078125,81.104034,64.45001475016277
2017-05-02,2391.169921875,81.316345,62.986551920572914
2017-05-03,2388.1298828125,80.254776,61.78343836466471
2017-05-04,2389.52001953125,78.55627,61.92497889200846
2017-05-05,2399.2900390625,81.740974,63.05732345581055
2017-05-08,2399.3798828125,81.316345,63.97735341389974
2017-05-09,2396.919921875,81.104034,64.33120981852214
2017-05-10,2399.6298828125,81.52866,63.623494466145836
2017-05-11,2394.43994140625,80.89172,64.18966420491536
2017-05-12,2390.89990234375,80.08475,63.297375996907554
2017-05-15,2402.320068359375,81.35593,63.81661732991537
2017-05-16,2400.669921875,79.44915,63.559322357177734
2017-05-17,2357.030029296875,75.42373,60.52259953816732
2017-05-18,2365.719970703125,75.21187,56.00282414754232
2017-05-19,2381.72998046875,78.17796,54.44915262858073
2017-05-22,2394.02001953125,79.02542,58.26271184285482
2017-05-23,2398.419921875,79.66102,62.14689509073893
2017-05-24,2404.389892578125,79.02542,64.54802322387695
2017-05-25,2415.070068359375,79.66102,66.45480092366536
2017-05-26,2415.820068359375,79.02542,68.0084711710612
2017-05-30,2412.909912109375,78.81356,68.71468861897786
2017-05-31,2411.800048828125,78.17796,68.64407094319661
2017-06-01,2430.06005859375,80.720345,70.62147267659505
2017-06-02,2439.070068359375,80.720345,73.23446655273438
2017-06-05,2436.10009765625,79.66102,74.7881368001302
2017-06-06,2429.330078125,79.02542,73.23446400960286
2017-06-07,2433.139892578125,79.66102,71.61016845703125
2017-06-08,2433.7900390625,80.08475,71.46892547607422
2017-06-09,2431.77001953125,80.720345,73.58757019042969
2017-06-12,2429.389892578125,81.779655,75.98870086669922
2017-06-13,2440.35009765625,83.47458,78.67231750488281
2017-06-14,2437.919921875,82.203384,79.16666666666667
2017-06-15,2432.4599609375,81.14407,79.09604390462239
2017-06-16,2433.14990234375,82.62712,77.68361409505208
2017-06-19,2453.4599609375,82.41525,78.53107452392578
2017-06-20,2437.030029296875,80.932205,77.4717534383138
2017-06-21,2435.610107421875,79.66102,75.8474604288737
2017-06-22,2434.5,80.296616,71.89265441894531
2017-06-23,2438.300048828125,80.720345,70.6920903523763
2017-06-26,2439.070068359375,81.779655,71.18643951416016
2017-06-27,2419.3798828125,80.720345,70.6920903523763
2017-06-28,2440.68994140625,82.41525,71.82203165690105
2017-06-29,2419.699951171875,80.50848,68.36157989501953
2017-06-30,2423.409912109375,81.35593,68.07909393310547
2017-07-03,2429.010009765625,82.41525,65.74858856201172
2017-07-05,2432.5400390625,80.932205,66.94915262858073
2017-07-06,2409.75,79.02542,63.62994384765625
2017-07-07,2425.179931640625,79.44915,62.00564829508463
2017-07-10,2427.429931640625,79.02542,60.59321975708008
2017-07-11,2425.530029296875,79.23729,62.99435043334961
2017-07-12,2443.25,80.50848,65.39548110961914
2017-07-13,2447.830078125,81.14407,67.79661051432292
2017-07-14,2459.27001953125,81.14407,71.18643951416016
2017-07-17,2459.139892578125,82.203384,72.74010976155598
2017-07-18,2460.610107421875,81.99152,74.3644027709961
2017-07-19,2473.830078125,83.05085,75.63558959960938
2017-07-20,2473.449951171875,83.05085,76.12994130452473
2017-07-21,2472.5400390625,83.47458,76.20056406656902
2017-07-24,2469.909912109375,81.99152,74.7881342569987
2017-07-25,2477.1298828125,83.89831,73.37570444742839
2017-07-26,2477.830078125,83.26271,72.17514038085938
2017-07-27,2475.419921875,83.68644,70.55084991455078
2017-07-28,2472.10009765625,82.62712,68.8559341430664
2017-07-31,2470.300048828125,82.41525,67.51412455240886
2017-08-01,2476.35009765625,82.62712,66.80790710449219
2017-08-02,2477.570068359375,81.35593,66.45480092366536
2017-08-03,2472.159912109375,80.50848,65.25423685709636
2017-08-04,2476.830078125,80.50848,64.7598876953125
2017-08-07,2480.909912109375,81.567795,65.04237365722656
2017-08-08,2474.919921875,80.720345,64.83050918579102
2017-08-09,2474.02001953125,80.296616,63.77118682861328
2017-08-10,2438.2099609375,75.6356,57.13276926676432
2017-08-11,2441.320068359375,75.84746,51.62429428100586
2017-08-14,2465.840087890625,79.02542,50.35310745239258
2017-08-15,2464.610107421875,78.17796,53.38983027140299
2017-08-16,2468.110107421875,77.9661,57.556496938069664
2017-08-17,2430.010009765625,72.0339,53.531073252360024
2017-08-18,2425.550048828125,70.97458,49.78813552856445
2017-08-21,2428.3701171875,70.33898,45.48022588094076
2017-08-22,2452.510009765625,73.305084,47.95197677612305
2017-08-23,2444.0400390625,72.0339,49.71751276652018
2017-08-24,2438.969970703125,72.45763,50.84745661417643
2017-08-25,2443.050048828125,72.669495,49.78813552856445
2017-08-28,2444.239990234375,71.39831,49.293785095214844
2017-08-29,2446.300048828125,70.55085,49.0819206237793
2017-08-30,2457.590087890625,72.245766,50.141241709391274
2017-08-31,2471.64990234375,73.516945,54.66101582845052
2017-09-01,2476.550048828125,75.42373,60.310733795166016
2017-09-05,2457.85009765625,71.82204,61.793785095214844
2017-09-06,2465.5400390625,72.669495,61.5819206237793
2017-09-07,2465.10009765625,71.39831,59.67514165242513
2017-09-08,2461.429931640625,72.45763,60.59321975708008
2017-09-11,2488.110107421875,75.21187,63.418078104654946
2017-09-12,2496.47998046875,76.906784,66.73728434244792
2017-09-13,2498.3701171875,76.906784,69.27966054280598
2017-09-14,2495.6201171875,75.42373,68.57344818115234
2017-09-15,2500.22998046875,76.694916,68.29096221923828
2017-09-18,2503.8701171875,77.330505,69.27966054280598
2017-09-19,2506.64990234375,77.330505,70.97457377115886
2017-09-20,2508.239990234375,79.02542,70.97457377115886
2017-09-21,2500.60009765625,78.60169,69.49152374267578
2017-09-22,2502.219970703125,79.44915,67.23163604736328
2017-09-25,2496.659912109375,79.44915,66.31355794270833
2017-09-26,2496.840087890625,79.02542,66.31355794270833
2017-09-27,2507.0400390625,80.720345,66.52542368570964
2017-09-28,2510.06005859375,80.720345,67.30226135253906
2017-09-29,2519.360107421875,81.779655,68.22033945719402
2017-10-02,2529.1201171875,80.932205,70.05649820963542
2017-10-03,2534.580078125,81.567795,71.96327718098958
2017-10-04,2537.739990234375,82.203384,74.29378763834636
2017-10-05,2552.070068359375,82.83898,76.41242980957031
2017-10-06,2549.330078125,81.99152,77.6836166381836
2017-10-09,2544.72998046875,80.50848,77.75423685709636
2017-10-10,2550.639892578125,81.779655,77.82485961914062
2017-10-11,2555.239990234375,81.99152,78.60169728597005
2017-10-12,2550.929931640625,82.203384,80.43785349527995
2017-10-13,2553.169921875,82.41525,81.00282541910808
2017-10-16,2557.639892578125,82.203384,80.9322026570638
2017-10-17,2559.360107421875,83.05085,80.43785603841145
2017-10-18,2561.260009765625,82.83898,80.3672358194987
2017-10-19,2562.10009765625,82.62712,81.00282796223958
2017-10-20,2575.2099609375,82.83898,81.70904032389323
2017-10-23,2564.97998046875,82.62712,81.63841756184895
2017-10-24,2569.1298828125,81.779655,80.64971669514973
2017-10-25,2557.14990234375,81.14407,77.89547983805339
2017-10-26,2560.39990234375,79.87288,75.91807810465495
2017-10-27,2581.070068359375,79.87288,75.0
2017-10-30,2572.830078125,79.66102,74.5762710571289
2017-10-31,2575.260009765625,78.38983,74.71751403808594
2017-11-01,2579.360107421875,77.9661,74.08191935221355
2017-11-02,2579.85009765625,77.9661,73.72881317138672
2017-11-03,2587.840087890625,77.330505,73.51694742838542
2017-11-06,2591.1298828125,77.9661,73.09321848551433
2017-11-07,2590.639892578125,76.906784,72.59886678059895
2017-11-08,2594.3798828125,77.330505,71.82203165690105
2017-11-09,2584.6201171875,78.38983,70.55084482828777
2017-11-10,2582.300048828125,77.754234,69.56214650472005
2017-11-13,2584.840087890625,77.330505,69.35028330485027
2017-11-14,2578.8701171875,77.9661,69.20904032389323
2017-11-15,2564.6201171875,76.059326,67.72598775227864
2017-11-16,2585.639892578125,77.9661,66.8079096476237
2017-11-17,2578.85009765625,78.17796,66.38418324788411
2017-11-20,2582.139892578125,78.17796,67.79661305745442
2017-11-21,2599.030029296875,78.81356,68.07909647623698
2017-11-22,2597.080078125,78.17796,68.43220520019531
2017-11-24,2602.419921875,78.38983,68.85593159993489
2017-11-27,2601.419921875,77.9661,68.22033945719402
2017-11-28,2627.0400390625,80.50848,70.19773864746094
2017-11-29,2626.070068359375,80.720345,73.09322102864583
2017-11-30,2647.580078125,82.203384,77.89547983805339
2017-12-01,2642.219970703125,82.62712,79.66101582845052
2017-12-04,2639.43994140625,83.89831,78.46044921875
2017-12-05,2629.570068359375,83.47458,74.92937723795573
2017-12-06,2629.27001953125,82.83898,71.68079121907552
2017-12-07,2636.97998046875,82.83898,71.25706481933594
2017-12-08,2651.5,83.68644,72.81073760986328
2017-12-11,2659.989990234375,84.11017,75.35310872395833
2017-12-12,2664.110107421875,84.11017,76.05932108561198
2017-12-13,2662.85009765625,84.745766,75.63558959960938
2017-12-14,2652.010009765625,82.83898,72.45762634277344
2017-12-15,2675.81005859375,84.95763,72.66949208577473
2017-12-18,2690.159912109375,85.593216,73.94067891438802
2017-12-19,2681.469970703125,83.68644,76.05932108561198
2017-12-20,2679.25,82.62712,75.35310618082683
2017-12-21,2684.570068359375,83.68644,73.44632720947266
2017-12-22,2683.340087890625,83.68644,72.38700612386067
2017-12-26,2680.5,83.89831,71.39830525716145
2017-12-27,2682.6201171875,84.11017,71.11581929524739
2017-12-28,2687.5400390625,84.745766,71.68078867594402
2017-12-29,2673.610107421875,84.5339,71.75141143798828
2018-01-02,2695.81005859375,83.72093,72.40566762288411
2018-01-03,2713.06005859375,84.14376,73.97501881917317
2018-01-04,2723.989990234375,83.509514,76.39182535807292
2018-01-05,2743.14990234375,83.298096,78.85835266113281
2018-01-08,2747.7099609375,85.41226,80.05637868245442
2018-01-09,2751.2900390625,84.14376,81.3248774210612
2018-01-10,2748.22998046875,82.66385,80.5496826171875
2018-01-11,2767.56005859375,83.298096,80.05637868245442
2018-01-12,2786.239990234375,82.87527,79.70401763916016
2018-01-16,2776.419921875,82.45243,79.70401763916016
2018-01-17,2802.56005859375,84.14376,80.12685139973958
2018-01-18,2798.030029296875,82.66385,80.69063059488933
2018-01-19,2810.300048828125,83.086685,82.17054748535156
2018-01-22,2832.969970703125,84.77801,82.94573974609375
2018-01-23,2839.1298828125,85.20084,83.72093200683594
2018-01-24,2837.5400390625,84.989426,84.28470611572266
2018-01-25,2839.25,85.20084,84.56659444173177
2018-01-26,2872.8701171875,85.41226,84.56659444173177
2018-01-29,2853.530029296875,83.509514,83.36857096354167
2018-01-30,2822.429931640625,82.66385,81.25440724690755
2018-01-31,2823.81005859375,83.298096,78.71740976969402
2018-02-01,2821.97998046875,81.606766,76.81465911865234
2018-02-02,2762.1298828125,79.28118,71.81113560994466
2018-02-05,2648.93994140625,70.401695,55.88442611694336
2018-02-06,2695.139892578125,72.515854,43.83368682861328
2018-02-07,2681.659912109375,71.45878,35.024664560953774
2018-02-08,2581.0,59.830868,30.443973859151203
2018-02-09,2619.550048828125,65.11628,23.53770160675049
2018-02-12,2656.0,68.07611,20.014094352722168
2018-02-13,2662.93994140625,69.76744,24.947145462036133
2018-02-14,2698.6298828125,71.45878,33.05144373575846
2018-02-15,2731.199951171875,74.4186,41.014797846476235
2018-02-16,2732.219970703125,74.84144,47.92107009887695
2018-02-20,2716.260009765625,73.995766,48.69626490275065
2018-02-21,2701.330078125,71.67019,46.79351679484049
2018-02-22,2703.9599609375,71.88161,44.608880360921226
2018-02-23,2747.300048828125,74.207184,47.780128479003906
2018-02-26,2779.60009765625,76.74419,53.06554158528646
2018-02-27,2744.280029296875,73.784355,54.89781697591146
2018-02-28,2713.830078125,71.88161,51.233263651529946
2018-03-01,2677.669921875,67.86469,42.424242655436196
2018-03-02,2691.25,69.55603,38.19591267903646
2018-03-05,2720.93994140625,71.03594,38.26638412475586
2018-03-06,2728.1201171875,73.1501,42.635658264160156
2018-03-07,2726.800048828125,72.093025,45.66596221923828
2018-03-08,2738.969970703125,72.515854,47.49823888142904
2018-03-09,2786.570068359375,75.26427,52.149401346842446
2018-03-12,2783.02001953125,75.89852,56.58914693196615
2018-03-13,2765.31005859375,75.26427,58.98520151774088
2018-03-14,2749.47998046875,74.84144,56.7300910949707
2018-03-15,2747.330078125,72.93869,54.615926106770836
2018-03-16,2752.010009765625,74.63002,55.32064692179362
2018-03-19,2712.919921875,72.515854,54.47498321533203
2018-03-20,2716.93994140625,71.67019,54.404510498046875
2018-03-21,2711.929931640625,69.97886,51.58562469482422
2018-03-22,2643.68994140625,64.90486,45.1021842956543
2018-03-23,2588.260009765625,57.29387,34.46088854471842
2018-03-26,2658.550048828125,64.69344,29.245948155721027
2018-03-27,2612.6201171875,61.945034,28.047922134399414
2018-03-28,2605.0,60.88795,30.30303192138672
2018-03-29,2640.8701171875,64.0592,30.796337127685547
2018-04-02,2581.8798828125,54.968285,29.105005264282227
2018-04-03,2614.449951171875,59.196617,29.880198160807293
2018-04-04,2644.68994140625,63.84778,30.796335856119793
2018-04-05,2662.840087890625,65.53911,37.561662673950195
2018-04-06,2604.469970703125,56.87104,37.209302266438804
2018-04-09,2613.159912109375,57.29387,34.74277687072754
2018-04-10,2656.8701171875,64.0592,34.883721033732094
2018-04-11,2642.18994140625,61.522198,38.4073289235433
2018-04-12,2663.989990234375,62.156452,42.91754659016927
2018-04-13,2656.300048828125,61.09937,42.91754659016927
2018-04-16,2677.840087890625,66.80761,47.99154154459635
2018-04-17,2706.389892578125,68.71036,54.40450922648112
2018-04-18,2708.639892578125,68.921776,61.66314188639323
2018-04-19,2693.1298828125,64.69344,62.8611691792806
2018-04-20,2670.139892578125,62.7907,59.05567169189453
2018-04-23,2670.2900390625,63.84778,54.75687026977539
2018-04-24,2634.56005859375,57.92812,49.40098571777344
2018-04-25,2639.39990234375,59.61945,46.22973887125651
2018-04-26,2666.93994140625,61.733616,45.03171157836914
2018-04-27,2669.909912109375,62.7907,47.49823760986328
2018-04-30,2648.050048828125,56.87104,48.555320739746094
2018-05-01,2654.800048828125,58.562366,47.99154408772787
2018-05-02,2635.669921875,55.60254,45.17265828450521
2018-05-03,2629.72998046875,54.334038,43.34038162231445
2018-05-04,2663.419921875,59.61945,44.04510370890299
2018-05-07,2672.6298828125,60.253696,47.07540766398112
2018-05-08,2671.919921875,59.830868,50.10571034749349
2018-05-09,2697.7900390625,62.367863,51.867513020833336
2018-05-10,2723.070068359375,66.38478,56.236785888671875
2018-05-11,2727.719970703125,66.38478,60.74700419108073
2018-05-14,2730.1298828125,65.53911,63.77730814615885
2018-05-15,2711.449951171875,62.57928,61.52220026652018
2018-05-16,2722.4599609375,63.002117,60.1127560933431
2018-05-17,2720.1298828125,63.21353,58.63284047444662
2018-05-18,2712.969970703125,63.636364,59.12614440917969
2018-05-21,2733.010009765625,65.961945,60.958421071370445
2018-05-22,2724.43994140625,64.90486,62.508809407552086
2018-05-23,2733.2900390625,64.69344,64.76391855875652
2018-05-24,2727.760009765625,64.69344,64.69344584147136
2018-05-25,2721.330078125,65.11628,64.55250040690105
2018-05-29,2689.860107421875,60.88795,61.59266916910807
2018-05-30,2724.010009765625,65.961945,62.15644836425781
2018-05-31,2705.27001953125,61.09937,60.18322881062826
2018-06-01,2734.6201171875,63.21353,62.86117172241211
2018-06-04,2746.8701171875,64.69344,62.15644963582357
2018-06-05,2748.800048828125,65.11628,64.6229756673177
2018-06-06,2772.35009765625,67.653275,66.66666920979817
2018-06-07,2770.3701171875,68.49895,68.92177836100261
2018-06-08,2779.030029296875,69.133194,71.74066416422527
2018-06-11,2782.0,70.401695,73.43199412027995
2018-06-12,2786.85009765625,70.401695,74.84143575032552
2018-06-13,2775.6298828125,67.441864,74.06624348958333
2018-06-14,2782.489990234375,67.86469,73.22057851155598
2018-06-15,2779.659912109375,67.01903,71.95208231608073
2018-06-18,2773.75,67.01903,71.24736022949219
2018-06-19,2762.590087890625,64.0592,69.6969731648763
2018-06-20,2767.320068359375,64.482025,68.56941731770833
2018-06-21,2749.760009765625,63.636364,66.03241856892903
2018-06-22,2754.8798828125,64.270615,64.97533543904622
2018-06-25,2717.070068359375,61.31078,60.81747817993164
2018-06-26,2723.06005859375,60.88795,59.05567423502604
2018-06-27,2699.6298828125,58.773785,53.62931696573893
2018-06-28,2716.31005859375,58.350952,52.92459487915039
2018-06-29,2718.3701171875,58.773785,52.07892735799154
2018-07-02,2726.7099609375,60.253696,54.0521494547526
2018-07-03,2713.219970703125,58.773785,53.77026112874349
2018-07-05,2736.610107421875,61.31078,55.17970530192057
2018-07-06,2759.820068359375,64.482025,57.15292485555013
2018-07-09,2784.169921875,65.11628,62.93164189656576
2018-07-10,2793.840087890625,67.230446,67.72374852498372
2018-07-11,2774.02001953125,64.69344,68.56941477457683
2018-07-12,2798.2900390625,66.38478,68.07611083984375
2018-07-13,2801.31005859375,65.53911,67.01903025309245
2018-07-16,2798.429931640625,65.75053,68.07611338297527
2018-07-17,2809.550048828125,67.86469,68.56941731770833
2018-07-18,2815.6201171875,68.49895,69.55602773030598
2018-07-19,2804.489990234375,68.921776,70.89499918619792
2018-07-20,2801.830078125,65.75053,70.40169525146484
2018-07-23,2806.97998046875,64.270615,68.85130564371745
2018-07-24,2820.39990234375,65.75053,67.58280436197917
2018-07-25,2846.070068359375,68.35443,67.74560292561848
2018-07-26,2837.43994140625,69.19831,70.1593500773112
2018-07-27,2818.820068359375,68.5654,70.32348887125652
2018-07-30,2802.60009765625,67.29958,67.79184214274089
2018-07-31,2816.2900390625,71.308014,64.27566782633464
2018-08-01,2813.360107421875,69.40928,62.869197845458984
2018-08-02,2827.219970703125,69.89474,64.65067672729492
2018-08-03,2840.35009765625,71.57895,65.86867904663086
2018-08-06,2850.39990234375,71.789474,68.35087585449219
2018-08-07,2858.449951171875,72.210526,71.36842091878255
2018-08-08,2857.699951171875,71.57895,73.19298299153645
2018-08-09,2853.580078125,70.947365,74.10526529947917
2018-08-10,2833.280029296875,69.26316,71.22807312011719
2018-08-13,2821.929931640625,68.42105,68.14035288492839
2018-08-14,2839.9599609375,69.89474,66.45614115397136
2018-08-15,2818.3701171875,68.210526,64.77192942301433
2018-08-16,2840.68994140625,70.52631,65.8245620727539
2018-08-17,2850.1298828125,70.52631,66.38596598307292
2018-08-20,2857.050048828125,71.36842,69.33333333333333
2018-08-21,2862.9599609375,71.57895,71.64912414550781
2018-08-22,2861.820068359375,71.1579,72.98245747884114
2018-08-23,2856.97998046875,69.89474,73.0526351928711
2018-08-24,2874.68994140625,70.947365,72.84210713704427
2018-08-27,2896.739990234375,73.26315,74.45614369710286
2018-08-28,2897.52001953125,73.26315,76.70175679524739
2018-08-29,2914.0400390625,74.73684,78.94736989339192
2018-08-30,2901.1298828125,72.42105,77.61403401692708
2018-08-31,2901.52001953125,72.63158,76.77192942301433
2018-09-04,2896.719970703125,71.57895,74.24561309814453
2018-09-05,2888.60009765625,71.789474,74.24561309814453
2018-09-06,2878.050048828125,70.947365,73.33333079020183
2018-09-07,2871.679931640625,70.947365,72.98245493570964
2018-09-10,2877.1298828125,70.31579,72.70175425211589
2018-09-11,2887.889892578125,70.10526,72.70175425211589
2018-09-12,2888.919921875,70.10526,73.05263010660808
2018-09-13,2904.179931640625,72.0,73.26315816243489
2018-09-14,2904.97998046875,72.210526,73.82456461588542
2018-09-17,2888.800048828125,71.36842,73.4035135904948
2018-09-18,2904.31005859375,74.10526,72.49123128255208
2018-09-19,2907.949951171875,74.94737,71.64912414550781
2018-09-20,2930.75,77.26316,72.84210459391277
2018-09-21,2929.669921875,77.05263,74.31578826904297
2018-09-24,2919.3701171875,74.315796,72.84210459391277
2018-09-25,2915.56005859375,72.42105,68.98245620727539
2018-09-26,2905.969970703125,68.63158,63.29824447631836
2018-09-27,2914.0,69.05263,60.421051025390625
2018-09-28,2913.97998046875,69.68421,59.50876998901367
2018-10-01,2924.590087890625,70.10526,59.929823557535805
2018-10-02,2923.429931640625,69.89474,60.07017517089844
2018-10-03,2925.510009765625,70.52631,58.596492767333984
2018-10-04,2901.610107421875,69.47369,55.4385986328125
2018-10-05,2885.570068359375,66.94737,52.14035161336263
2018-10-08,2884.429931640625,68.63158,49.47368367513021
2018-10-09,2880.340087890625,66.52632,47.929823557535805
2018-10-10,2785.679931640625,54.94737,38.87719217936198
2018-10-11,2728.3701171875,44.42105,26.03508758544922
2018-10-12,2767.1298828125,50.105263,14.877192815144857
2018-10-15,2750.7900390625,49.894737,11.789473533630371
2018-10-16,2809.919921875,56.631577,17.40350882212321
2018-10-17,2809.2099609375,56.210526,21.684210777282715
2018-10-18,2768.780029296875,52.21053,24.842105865478516
2018-10-19,2767.780029296875,51.36842,23.36842155456543
2018-10-22,2755.8798828125,50.315792,21.263158798217773
2018-10-23,2740.68994140625,47.78947,19.57894770304362
2018-10-24,2656.10009765625,38.94737,16.842105547587078
2018-10-25,2705.570068359375,42.94737,16.070175488789875
2018-10-26,2658.68994140625,40.0,13.894737243652344
2018-10-29,2641.25,38.315792,14.456140200297037
2018-10-30,2682.6298828125,43.789474,15.298244794209799
2018-10-31,2711.739990234375,46.31579,18.66666603088379
2018-11-01,2740.3701171875,48.842106,21.684210459391277
2018-11-02,2723.06005859375,48.42105,22.526316324869793
2018-11-05,2738.31005859375,48.842106,24.842105865478516
2018-11-06,2755.449951171875,51.36842,28.3508783976237
2018-11-07,2813.889892578125,56.421055,37.75438690185547
2018-11-08,2806.830078125,56.842106,45.96491241455078
2018-11-09,2781.010009765625,54.526318,49.75438563028971
2018-11-12,2726.219970703125,48.63158,45.26315689086914
2018-11-13,2722.179931640625,48.210526,40.350877126057945
2018-11-14,2701.580078125,45.684208,36.07017517089844
2018-11-15,2730.199951171875,49.473686,36.6315803527832
2018-11-16,2736.27001953125,50.526314,38.385965983072914
2018-11-19,2690.72998046875,45.894737,39.01754506429037
2018-11-20,2641.889892578125,39.36842,35.78947448730469
2018-11-21,2649.929931640625,40.210526,31.438597361246746
2018-11-23,2632.56005859375,41.473682,29.75438690185547
2018-11-26,2673.449951171875,45.894737,32.56140391031901
2018-11-27,2682.169921875,44.42105,35.29824574788412
2018-11-28,2743.7900390625,52.63158,42.59649149576823
2018-11-29,2737.800048828125,51.578945,47.29824701944987
2018-11-30,2760.169921875,53.473686,53.96491495768229
2018-12-03,2790.3701171875,56.210526,58.87719599405924
2018-12-04,2700.06005859375,44.842106,55.64912414550781
2018-12-06,2695.949951171875,43.578945,50.52631632486979
2018-12-07,2633.080078125,38.445377,37.313873291015625
2018-12-10,2637.719970703125,39.705883,33.36326217651367
2018-12-11,2636.780029296875,38.865547,29.691877365112305
2018-12-12,2651.070068359375,40.7563,32.703081130981445
2018-12-13,2650.5400390625,39.705883,34.10364087422689
2018-12-14,2599.949951171875,35.92437,32.42296854654948
2018-12-17,2545.93994140625,28.781513,25.63025156656901
2018-12-18,2546.159912109375,28.991598,19.467787106831867
2018-12-19,2506.9599609375,25.420168,15.056022961934408
2018-12-20,2467.419921875,19.7479,12.745098749796549
2018-12-21,2416.6201171875,17.22689,9.873950322469076
2018-12-24,2351.10009765625,11.134454,5.88235330581665
2018-12-26,2467.699951171875,18.277311,4.5518209139506025
2018-12-27,2488.830078125,22.058825,5.602241039276123
2018-12-28,2485.739990234375,21.84874,8.333333651224772
2018-12-31,2506.85009765625,24.159664,11.204482396443685
2019-01-02,2510.030029296875,19.7479,10.994398434956869
2019-01-03,2447.889892578125,16.176472,9.243697961171469
2019-01-04,2531.93994140625,23.739496,9.733893871307373
2019-01-07,2549.68994140625,26.05042,13.445378144582113
2019-01-08,2574.409912109375,29.831934,21.778711954752605
2019-01-09,2584.9599609375,31.722689,28.221289316813152
2019-01-10,2596.639892578125,33.82353,36.204481760660805
2019-01-11,2596.260009765625,34.033615,40.68627421061198
2019-01-14,2582.610107421875,31.932774,42.15686162312826
2019-01-15,2610.300048828125,34.663864,42.927171071370445
2019-01-16,2616.10009765625,36.134453,44.677870432535805
2019-01-17,2635.9599609375,39.285713,51.05042012532552
2019-01-18,2670.7099609375,44.7479,60.01400502522787
2019-01-22,2632.89990234375,39.07563,65.33613459269206
2019-01-23,2638.699951171875,40.12605,67.57703145345052
2019-01-24,2642.330078125,40.7563,66.10644276936848
2019-01-25,2664.760009765625,44.537815,69.81792704264323
2019-01-28,2643.85009765625,42.857143,72.26890563964844
2019-01-29,2640.0,42.857143,73.94957733154297
2019-01-30,2681.050048828125,48.31933,76.12044525146484
2019-01-31,2704.10009765625,49.57983,80.53221130371094
2019-02-01,2706.530029296875,51.47059,85.15406290690105
2019-02-04,2724.8701171875,54.831932,87.81512959798177
2019-02-05,2737.699951171875,58.19328,89.21569061279297
2019-02-06,2731.610107421875,58.61344,89.4958012898763
2019-02-07,2706.050048828125,54.621853,88.09524027506511
2019-02-08,2707.8798828125,54.831932,86.55462137858073
2019-02-11,2709.800048828125,55.46219,85.43417358398438
2019-02-12,2744.72998046875,61.764706,87.18487294514973
2019-02-13,2753.030029296875,63.865547,89.63585408528645
2019-02-14,2745.72998046875,62.39496,91.7366943359375
2019-02-15,2775.60009765625,66.806725,92.99719746907552
2019-02-19,2779.760009765625,67.22689,93.62744903564453
2019-02-20,2784.699951171875,69.32773,94.88795216878255
2019-02-21,2774.8798828125,67.85714,94.74789683024089
2019-02-22,2792.669921875,68.69748,95.09803771972656
2019-02-25,2796.110107421875,68.4874,94.88795471191406
2019-02-26,2793.89990234375,68.06723,94.95798238118489
2019-02-27,2792.3798828125,68.4874,94.53781382242839
2019-02-28,2784.489990234375,68.4874,93.90756225585938
2019-03-01,2803.68994140625,68.69748,93.69747924804688
2019-03-04,2792.81005859375,67.85714,93.27731323242188
2019-03-05,2789.64990234375,67.01681,92.78711700439453
2019-03-06,2771.449951171875,64.70589,90.82633209228516
2019-03-07,2748.929931640625,62.39496,88.02521006266277
2019-03-08,2743.070068359375,61.764706,84.10364023844402
2019-03-11,2783.300048828125,65.7563,83.61344655354817
2019-03-12,2791.52001953125,65.408806,84.25309499104817
2019-03-13,2810.919921875,65.89958,87.07062276204427
2019-03-14,2808.47998046875,65.69038,87.08966573079427
2019-03-15,2822.47998046875,66.7364,86.47140757242839
2019-03-18,2832.93994140625,69.03766,85.21617889404297
2019-03-19,2832.570068359375,67.154816,84.37935892740886
2019-03-20,2824.22998046875,64.30063,82.2327143351237
2019-03-21,2854.8798828125,68.893524,81.4780044555664
2019-03-22,2800.7099609375,62.42171,76.82672373453777
2019-03-25,2798.360107421875,62.63048,73.83437856038411
2019-03-26,2818.4599609375,64.71816,70.49408467610677
2019-03-27,2805.3701171875,63.88309,70.3549067179362
2019-03-28,2815.43994140625,64.71816,70.98121134440105
2019-03-29,2834.39990234375,67.22338,72.30341084798177
2019-04-01,2867.18994140625,72.86013,76.8963114420573
2019-04-02,2867.239990234375,72.86013,80.72372945149739
2019-04-03,2873.39990234375,73.277664,82.60264333089192
2019-04-04,2879.389892578125,73.90397,82.46346537272136
2019-04-05,2892.739990234375,75.991646,83.57689666748047
2019-04-08,2895.77001953125,76.20042,84.55115000406902
2019-04-09,2878.199951171875,73.90397,83.9944356282552
2019-04-10,2888.2099609375,75.36535,83.02018229166667
2019-04-11,2888.320068359375,76.40919,82.53305562337239
2019-04-12,2907.409912109375,78.07933,83.78566487630208
2019-04-15,2905.580078125,76.61796,83.78566487630208
2019-04-16,2907.06005859375,76.82672,82.39387766520183
2019-04-17,2900.449951171875,75.57411,78.42727915445964
2019-04-18,2905.030029296875,77.244255,75.01740010579427
2019-04-22,2907.969970703125,76.20042,72.44259134928386
2019-04-23,2933.679931640625,78.496864,73.69520060221355
2019-04-24,2927.25,78.496864,75.22616577148438
2019-04-25,2926.169921875,76.82672,76.13082885742188
2019-04-26,2939.8798828125,76.61796,75.43493398030598
2019-04-29,2943.030029296875,77.244255,74.53027089436848
2019-04-30,2945.830078125,77.87057,75.6436996459961
2019-05-01,2923.72998046875,75.991646,74.66944885253906
2019-05-02,2917.52001953125,75.15658,73.55602010091145
2019-05-03,2945.639892578125,77.453026,73.6256103515625
2019-05-06,2932.469970703125,76.40919,74.46068318684895
2019-05-07,2884.050048828125,74.73904,70.49408467610677
2019-05-08,2879.419921875,73.277664,64.0222676595052
2019-05-09,2870.719970703125,73.06889,57.898399353027344
2019-05-10,2881.39990234375,72.291664,58.412635803222656
2019-05-13,2811.8701171875,64.166664,53.02496465047201
2019-05-14,2834.409912109375,67.291664,50.97222137451172
2019-05-15,2850.9599609375,68.125,47.083333333333336
2019-05-16,2876.320068359375,68.125,51.666666666666664
2019-05-17,2859.530029296875,66.66667,52.56944274902344
2019-05-20,2840.22998046875,65.833336,51.7361094156901
2019-05-21,2864.360107421875,68.541664,51.319444020589195
2019-05-22,2856.27001953125,67.083336,51.38888931274414
2019-05-23,2822.239990234375,64.375,50.972222646077476
2019-05-24,2826.06005859375,65.208336,48.61111068725586
2019-05-28,2802.389892578125,62.083332,44.930554707845054
2019-05-29,2783.02001953125,60.416668,41.59722137451172
2019-05-30,2788.860107421875,61.041664,38.33333206176758
2019-05-31,2752.06005859375,57.5,35.76388804117838
2019-06-03,2744.449951171875,59.375,35.277777353922524
2019-06-04,2803.27001953125,64.791664,37.569444020589195
2019-06-05,2826.14990234375,67.083336,43.680555979410805
2019-06-06,2843.489990234375,67.083336,50.48611195882162
2019-06-07,2873.340087890625,68.333336,55.208333333333336
2019-06-10,2886.72998046875,70.208336,57.708333333333336
2019-06-11,2885.719970703125,70.208336,59.652777353922524
2019-06-12,2879.840087890625,68.19127,59.542765299479164
2019-06-13,2891.639892578125,70.06237,61.02593104044596
2019-06-14,2886.97998046875,67.98337,61.330562591552734
2019-06-17,2889.669921875,69.02287,61.81566365559896
2019-06-18,2917.75,72.97297,62.85516357421875
2019-06-19,2926.4599609375,73.80457,65.2113660176595
2019-06-20,2954.179931640625,76.71518,70.20096842447917
2019-06-21,2950.4599609375,75.675674,72.2106704711914
2019-06-24,2945.35009765625,75.46777,72.34927113850911
2019-06-25,2917.3798828125,73.80457,69.4386698404948
2019-06-26,2913.780029296875,72.557175,67.01316833496094
2019-06-27,2924.919921875,75.675674,67.84476725260417
2019-06-28,2941.760009765625,79.002075,71.58697255452473
2019-07-01,2964.330078125,80.24948,76.64587656656902
2019-07-02,2973.010009765625,79.62578,79.69508107503255
2019-07-03,2995.820068359375,81.28898,82.67498270670573
2019-07-05,2990.409912109375,81.08108,84.13028462727864
2019-07-08,2975.949951171875,79.83368,84.54608408610027
2019-07-09,2979.6298828125,80.24948,82.81358083089192
2019-07-10,2993.070068359375,80.24948,81.84338124593098
2019-07-11,2999.909912109375,80.87318,82.60568237304688
2019-07-12,3013.77001953125,82.536385,85.03118387858073
2019-07-15,3014.300048828125,81.28898,86.55578358968098
2019-07-16,3004.0400390625,82.32848,86.8329849243164
2019-07-17,2984.419921875,80.45738,84.1995849609375
2019-07-18,2995.110107421875,79.83368,82.18988291422527
2019-07-19,2976.610107421875,79.20998,80.11088053385417
2019-07-22,2985.030029296875,79.002075,79.41787974039714
2019-07-23,3005.469970703125,81.08108,78.93277994791667
2019-07-24,3019.56005859375,82.95219,79.76437886555989
2019-07-25,3003.669921875,81.08108,79.20997873942058
2019-07-26,3025.860107421875,81.28898,78.93277740478516
2019-07-29,3020.969970703125,80.45738,77.68537902832031
2019-07-30,3013.179931640625,80.24948,77.61607869466145
2019-07-31,2980.3798828125,79.002075,74.22037760416667
2019-08-01,2953.56005859375,75.883575,68.46847152709961
2019-08-02,2932.050048828125,72.557175,60.291062672932945
2019-08-05,2844.739990234375,64.449066,46.846848805745445
2019-08-06,2881.77001953125,66.52806,39.362439473470054
2019-08-07,2883.97998046875,66.52806,35.34303538004557
2019-08-08,2938.090087890625,70.893974,44.28274408976237
2019-08-09,2918.64990234375,67.567566,47.53984705607096
2019-08-12,2882.699951171875,64.86486,47.74774678548177
2019-08-13,2926.320068359375,67.151764,44.35204315185547
2019-08-14,2840.60009765625,61.538464,38.738738377889
2019-08-15,2847.60009765625,60.49896,36.451836268107094
2019-08-16,2888.679931640625,63.617462,35.41233507792155
2019-08-19,2923.64990234375,65.904366,41.5800412495931
2019-08-20,2900.510009765625,64.033264,45.322245279947914
2019-08-21,2924.429931640625,65.28066,47.67844772338867
2019-08-22,2922.949951171875,66.52806,47.67844772338867
2019-08-23,2847.110107421875,59.45946,44.282745361328125
2019-08-26,2878.3798828125,62.162163,41.302842458089195
2019-08-27,2869.159912109375,59.875263,37.97643915812174
2019-08-28,2887.93994140625,61.12266,40.19404093424479
2019-08-29,2924.580078125,65.48856,42.82744344075521
2019-08-30,2926.4599609375,66.32017,46.36174647013346
2019-09-03,2906.27001953125,62.370064,47.53984705607096
2019-09-04,2937.780029296875,65.28066,48.09424718221029
2019-09-05,2976.0,71.93347,52.044352213541664
2019-09-06,2978.7099609375,71.72557,58.07345962524414
2019-09-09,2978.429931640625,73.18087,62.50866572062174
2019-09-10,2979.389892578125,76.29938,62.99376678466797
2019-09-11,3000.929931640625,79.002075,64.17186482747395
2019-09-12,3009.570068359375,78.58628,66.38946533203125
2019-09-13,3007.389892578125,79.002075,68.39916737874348
2019-09-16,2997.9599609375,80.45738,69.64657084147136
2019-09-17,3005.699951171875,78.17048,71.30977121988933
2019-09-18,3006.72998046875,77.75468,73.3887710571289
2019-09-19,3006.7900390625,77.17842,74.51583099365234
2019-09-20,2992.070068359375,76.76349,73.49602762858073
2019-09-23,2991.780029296875,75.51868,71.92254384358723
2019-09-24,2966.60009765625,72.82158,68.81051127115886
2019-09-25,2984.8701171875,74.27386,67.49654388427734
2019-09-26,2977.6201171875,73.65145,66.18257395426433
2019-09-27,2961.7900390625,72.82158,65.00691604614258
2019-09-30,2976.739990234375,74.06639,64.24619674682617
2019-10-01,2940.25,69.087135,58.22959899902344
2019-10-02,2887.610107421875,63.48548,49.170125325520836
2019-10-03,2910.6298828125,64.52282,40.80221303304037
2019-10-04,2952.010009765625,67.84232,42.047027587890625
2019-10-07,2938.7900390625,66.80498,46.81881205240885
2019-10-08,2893.06005859375,58.921165,43.983404795328774
2019-10-09,2919.39990234375,60.995853,39.83402633666992
2019-10-10,2938.1298828125,64.52282,39.55740102132162
2019-10-11,2970.27001953125,68.25726,49.377593994140625
2019-10-14,2966.14990234375,68.25726,54.84094111124674
2019-10-15,2995.679931640625,70.53942,59.95850626627604
2019-10-16,2989.68994140625,70.95436,59.82019297281901
2019-10-17,2997.949951171875,71.16183,62.03319422403971
2019-10-18,2986.199951171875,70.74689,61.13416417439779
2019-10-21,3006.719970703125,71.36929,62.586448669433594
2019-10-22,2995.989990234375,71.9917,62.10235468546549
2019-10-23,3004.52001953125,72.82158,63.20885467529297
2019-10-24,3010.2900390625,72.61411,63.07054138183594
2019-10-25,3022.550048828125,73.23651,63.96957143147787
2019-10-28,3039.419921875,73.443985,64.10788472493489
2019-10-29,3036.889892578125,73.858925,65.0760726928711
2019-10-30,3046.77001953125,73.65145,66.52835591634114
2019-10-31,3037.56005859375,72.40664,66.73582204182942
2019-11-01,3066.909912109375,75.72614,67.15075937906902
2019-11-04,3078.27001953125,76.76349,66.87413533528645
2019-11-05,3074.6201171875,75.51868,67.56569925944011
2019-11-06,3076.780029296875,76.141075,67.08160400390625
2019-11-07,3085.179931640625,76.141075,66.11341603597005
2019-11-08,3093.080078125,75.51868,65.90594736735027
2019-11-11,3087.010009765625,75.72614,65.28354136149089
2019-11-12,3091.840087890625,75.72614,65.42185465494792
2019-11-13,3094.0400390625,75.72614,65.69848124186198
2019-11-14,3096.6298828125,75.72614,66.87413787841797
2019-11-15,3120.4599609375,77.80083,69.2946065266927
2019-11-18,3122.030029296875,77.59336,70.95435587565105
2019-11-19,3120.179931640625,78.21577,71.64591979980469
2019-11-20,3108.4599609375,76.970955,71.09266916910808
2019-11-21,3103.5400390625,77.80083,69.84785715738933
2019-11-22,3110.2900390625,77.17842,69.22545115152995
2019-11-25,3133.639892578125,78.0083,69.5020751953125
2019-11-26,3140.52001953125,78.63071,71.43845113118489
2019-11-27,3153.6298828125,79.87552,73.51314036051433
2019-11-29,3140.97998046875,77.80083,74.41217295328777
2019-12-02,3113.8701171875,74.89626,72.68326568603516
2019-12-03,3093.199951171875,72.61411,69.43291727701823
2019-12-04,3112.760009765625,74.48132,67.70401000976562
2019-12-05,3117.429931640625,75.93361,67.84232076009114
2019-12-06,3145.909912109375,78.0083,70.33194732666016
2019-12-09,3135.9599609375,77.38589,71.30013529459636
2019-12-10,3132.52001953125,75.72614,71.57676188151042
2019-12-11,3141.6298828125,76.141075,70.2627944946289
2019-12-12,3168.570068359375,78.42324,70.95435841878255
2019-12-13,3168.800048828125,78.21577,72.40664164225261
2019-12-16,3191.449951171875,80.08299,74.75795491536458
2019-12-17,3192.52001953125,79.25311,76.14108022054036
2019-12-18,3191.139892578125,79.87552,77.31673431396484
2019-12-19,3205.3701171875,81.327805,78.42323557535808
2019-12-20,3221.219970703125,82.57262,79.5297368367513
2019-12-23,3224.010009765625,82.57262,80.7053960164388
2019-12-24,3223.3798828125,83.19502,81.05117543538411
2019-12-26,3239.909912109375,83.19502,81.18948618570964
2019-12-27,3240.02001953125,83.40249,81.67357889811198
2019-12-30,3221.2900390625,82.36514,81.60442352294922
2019-12-31,3230.780029296875,82.98756,81.12033081054688
2020-01-02,3257.85009765625,84.024895,80.4979248046875
2020-01-03,3234.85009765625,82.98756,79.87551879882812
2020-01-06,3246.280029296875,83.19502,78.83817291259766
2020-01-07,3237.179931640625,81.9502,76.48685963948567
2020-01-08,3253.050048828125,82.78008,75.72614034016927
2020-01-09,3274.699951171875,85.26971,76.34854888916016
2020-01-10,3265.35009765625,84.439835,77.73167419433594
2020-01-13,3288.1298828125,85.89212,79.11479949951172
2020-01-14,3283.14990234375,86.51452,79.11479949951172
2020-01-15,3289.2900390625,87.13693,79.46058146158855
2020-01-16,3316.81005859375,88.58921,80.77455139160156
2020-01-17,3329.6201171875,88.796684,82.84924062093098
2020-01-21,3320.7900390625,86.92946,83.81742858886719
2020-01-22,3321.75,86.92946,82.22683461507161
2020-01-23,3325.5400390625,86.92946,80.15214538574219
2020-01-24,3295.469970703125,84.439835,76.69433085123698
2020-01-27,3243.6298828125,78.63071,70.19363911946614
2020-01-28,3276.239990234375,81.9502,65.14522806803386
2020-01-29,3273.39990234375,79.66805,61.964037577311196
2020-01-30,3283.659912109375,79.87552,63.001380920410156
2020-01-31,3225.52001953125,74.6888,58.64453633626302
2020-02-03,3248.919921875,75.93361,56.43153508504232
2020-02-04,3297.590087890625,79.66805,56.43153508504232
2020-02-05,3334.68994140625,83.609955,63.41631952921549
2020-02-06,3345.780029296875,83.81743,68.39557139078777
2020-02-07,3327.7099609375,79.87552,69.70954132080078
2020-02-10,3352.090087890625,81.327805,68.60304005940755
2020-02-11,3357.75,82.78008,69.2946039835612
2020-02-12,3379.449951171875,84.439835,71.71507263183594
2020-02-13,3373.93994140625,82.98756,73.23651123046875
2020-02-14,3380.159912109375,83.609955,73.23651123046875
2020-02-18,3370.2900390625,81.327805,71.2309799194336
2020-02-19,3386.14990234375,82.15768,70.33194986979167
2020-02-20,3373.22998046875,83.609955,69.5020751953125
2020-02-21,3337.75,81.53527,67.91147994995117
2020-02-24,3225.889892578125,71.78423,59.2669423421224
2020-02-25,3128.2099609375,57.67635,45.78146553039551
2020-02-26,3116.389892578125,54.564316,33.12586530049642
2020-02-27,2978.760009765625,41.908714,21.576764742533367
2020-02-28,2954.219970703125,31.74274,13.762103080749512
2020-03-02,3090.22998046875,50.414936,11.065007209777832
2020-03-03,3003.3701171875,42.32365,12.24066416422526
2020-03-04,3130.1201171875,53.319504,20.331951141357422
2020-03-05,3023.93994140625,44.190872,21.576764424641926
2020-03-06,2972.3701171875,40.663902,22.544952392578125
2020-03-09,2746.56005859375,19.294605,14.522821744283041
2020-03-10,2882.22998046875,31.120333,10.511756579081217
2020-03-11,2741.3798828125,16.182573,6.293222824732463
2020-03-12,2480.639892578125,7.053942,4.840940634409587
2020-03-13,2711.02001953125,13.900415,3.0428770383199057
2020-03-16,2386.1298828125,4.356847,2.420470356941223
2020-03-17,2529.18994140625,11.6182575,3.4578147331873574
2020-03-18,2398.10009765625,7.8838177,3.3886584838231406
2020-03-19,2409.389892578125,6.198347,3.661568562189738
2020-03-20,2304.919921875,3.7190084,2.6910942792892456
2020-03-23,2237.39990234375,3.7190084,1.9283745686213176
2020-03-24,2447.330078125,5.9917355,1.721763014793396
2020-03-25,2475.56005859375,5.3719006,1.6528925100962322
2020-03-26,2630.070068359375,11.157024,2.617079814275106
2020-03-27,2541.469970703125,7.85124,2.8236913681030273
2020-03-30,2626.64990234375,13.636364,4.545454343159993
2020-03-31,2584.590087890625,10.950414,4.752065976460774
2020-04-01,2470.5,8.264462,5.02754807472229
2020-04-02,2526.89990234375,9.917356,4.889807144800822
2020-04-03,2488.64990234375,9.090909,4.958677689234416
2020-04-06,2663.679931640625,15.0826435,8.126721858978271
2020-04-07,2659.409912109375,13.842975,9.848485151926676
2020-04-08,2749.97998046875,19.6281,14.669421831766764
2020-04-09,2789.820068359375,21.900827,18.939393679300945
2020-04-13,2761.6298828125,18.181818,21.487602869669598
2020-04-14,2846.06005859375,25.826445,25.895315806070965
2020-04-15,2783.360107421875,21.280993,25.964186986287434
2020-04-16,2799.550048828125,25.0,29.545454661051433
2020-04-17,2874.56005859375,29.958677,32.71349843343099
2020-04-20,2823.159912109375,25.826445,35.468318939208984
2020-04-21,2736.56005859375,20.041323,33.19559097290039
2020-04-22,2799.31005859375,23.76033,30.165289560953777
2020-04-23,2797.800048828125,23.76033,30.096419016520183
2020-04-24,2836.739990234375,25.619835,36.91460037231445
2020-04-27,2878.47998046875,27.892563,44.559226989746094
2020-04-28,2863.389892578125,27.68595,54.33884302775065
2020-04-29,2939.510009765625,34.710743,65.8402214050293
2020-04-30,2912.429931640625,29.338842,70.17906443277995
2020-05-01,2830.7099609375,23.966942,68.18181737263997
2020-05-04,2842.739990234375,26.23967,61.50137583414713
2020-05-05,2868.43994140625,29.132233,59.43526077270508
2020-05-06,2848.419921875,29.545454,59.77961349487305
2020-05-07,2881.18994140625,30.991735,63.42975107828776
2020-05-08,2929.800048828125,34.917355,68.8705228169759
2020-05-11,2930.18994140625,34.504135,74.24242401123047
2020-05-12,2870.1201171875,30.785122,73.07162729899089
2020-05-13,2820.0,29.338842,65.63361104329427
2020-05-14,2852.5,31.40496,61.432509104410805
2020-05-15,2863.699951171875,30.991735,61.15702692667643
2020-05-18,2953.909912109375,38.636364,70.38567479451497
2020-05-19,2922.93994140625,34.710743,76.44628143310547
2020-05-20,2971.610107421875,40.082645,83.33333333333333
2020-05-21,2948.510009765625,37.396694,83.53994496663411
2020-05-22,2955.449951171875,39.46281,85.39944966634114
2020-05-26,2991.77001953125,42.768593,87.74104817708333
2020-05-27,3036.1298828125,47.52066,90.84022521972656
2020-05-28,3029.72998046875,47.52066,94.49036153157552
2020-05-29,3044.31005859375,49.173553,96.07438151041667
2020-06-01,3055.72998046875,49.380165,97.10743713378906
2020-06-02,3080.820068359375,51.033054,97.52066040039062
2020-06-03,3122.8701171875,56.40496,97.796142578125
2020-06-04,3112.35009765625,55.785126,97.52066040039062
2020-06-05,3193.929931640625,65.495865,97.24517822265625
2020-06-08,3232.389892578125,72.93388,97.31404876708984
2020-06-09,3207.179931640625,63.429756,97.38291931152344
2020-06-10,3190.139892578125,56.40496,97.24517822265625
2020-06-11,3002.10009765625,41.735535,91.66666666666667
2020-06-12,3041.31005859375,44.42149,86.77686055501302
2020-06-15,3066.590087890625,46.487602,82.85124206542969
2020-06-16,3124.739990234375,50.0,86.01928456624348
2020-06-17,3113.489990234375,48.76033,88.0165303548177
2020-06-18,3115.340087890625,47.727272,88.42975107828777
2020-06-19,3097.739990234375,47.107437,84.64187367757161
2020-06-22,3117.860107421875,46.694218,81.81818135579427
2020-06-23,3131.2900390625,47.727272,79.26997375488281
2020-06-24,3050.330078125,41.528927,73.14049530029297
2020-06-25,3083.760009765625,43.388428,68.52616882324219
2020-06-26,3009.050048828125,39.2562,59.6418711344401
2020-06-29,3053.239990234375,42.561985,61.01928202311198
2020-06-30,3100.2900390625,46.694218,63.49862162272135
2020-07-01,3115.860107421875,46.28099,70.45454406738281
2020-07-02,3130.010009765625,48.347107,73.00275421142578
2020-07-06,3179.719970703125,50.41322,74.17355346679688
2020-07-07,3145.320068359375,47.727272,72.65840148925781
2020-07-08,3169.93994140625,47.727272,70.7988993326823
2020-07-09,3152.050048828125,45.454548,64.04958724975586
2020-07-10,3185.0400390625,46.900826,63.84297561645508
2020-07-13,3155.219970703125,47.314053,63.15426762898763
2020-07-14,3197.52001953125,51.23967,68.59503936767578
2020-07-15,3226.56005859375,55.991734,74.24242401123047
2020-07-16,3215.570068359375,55.991734,79.4765853881836
2020-07-17,3224.72998046875,58.05785,82.23140716552734
2020-07-20,3251.840087890625,56.198345,79.68319702148438
2020-07-21,3257.300048828125,57.85124,79.95867665608723
2020-07-22,3276.02001953125,62.19008,80.64737955729167
2020-07-23,3235.659912109375,61.363636,82.92010752360027
2020-07-24,3215.6298828125,59.504135,80.57851155598958
2020-07-27,3239.409912109375,59.71074,77.75482177734375
2020-07-28,3218.43994140625,58.471073,73.20936584472656
2020-07-29,3258.43994140625,61.363636,74.24242401123047
2020-07-30,3246.219970703125,60.330574,73.62258911132812
2020-07-31,3271.1201171875,59.504135,73.41597747802734
2020-08-03,3294.610107421875,59.917355,70.93664042154948
2020-08-04,3306.510009765625,59.504135,69.97245534261067
2020-08-05,3327.77001953125,62.396694,71.34986623128255
2020-08-06,3349.159912109375,61.570244,72.03856913248698
2020-08-07,3351.280029296875,65.28926,74.24242401123047
2020-08-10,3360.469970703125,67.35537,76.37741088867188
2020-08-11,3333.68994140625,66.94215,78.44352722167969
2020-08-12,3380.35009765625,67.35537,80.16529083251953
2020-08-13,3373.429931640625,66.52893,80.09641774495442
2020-08-14,3372.85009765625,66.94215,80.57851155598958
2020-08-17,3381.989990234375,65.70248,79.40771230061848
2020-08-18,3389.780029296875,65.70248,78.58126831054688
2020-08-19,3374.85009765625,64.669426,77.06611633300781
2020-08-20,3385.510009765625,64.462814,74.24242401123047
2020-08-21,3397.159912109375,63.429756,71.21212005615234
2020-08-24,3431.280029296875,66.1157,72.03856658935547
2020-08-25,3443.6201171875,66.1157,73.8980712890625
2020-08-26,3478.72998046875,64.87603,76.37741088867188
2020-08-27,3484.550048828125,66.52893,76.72176361083984
2020-08-28,3508.010009765625,69.00827,78.65013885498047
2020-08-31,3500.31005859375,67.35537,79.06336212158203
2020-09-01,3526.64990234375,67.56198,78.44352722167969
2020-09-02,3580.840087890625,72.31405,79.54545338948567
2020-09-03,3455.06005859375,69.00827,78.51239522298177
2020-09-04,3426.9599609375,68.181816,76.51514943440755
2020-09-08,3331.840087890625,63.842976,66.52892430623372
2020-09-09,3398.9599609375,65.70248,63.15426890055338
2020-09-10,3339.18994140625,63.636364,57.575757344563804
2020-09-11,3340.969970703125,64.462814,57.36914571126302
2020-09-14,3383.5400390625,67.7686,57.024792989095054
2020-09-15,3401.199951171875,67.7686,60.05509694417318
2020-09-16,3385.489990234375,70.04132,64.25619888305664
2020-09-17,3357.010009765625,68.59504,63.49862162272135
2020-09-18,3319.469970703125,65.909096,59.710741678873696
2020-09-21,3281.06005859375,60.330574,49.173553466796875
2020-09-22,3315.570068359375,62.603306,42.01102066040039
2020-09-23,3236.919921875,58.05785,33.53994623819987
2020-09-24,3246.590087890625,58.677685,31.198347091674805
2020-09-25,3298.4599609375,61.157024,30.37190055847168
2020-09-28,3351.60009765625,64.87603,37.67217572530111
2020-09-29,3335.469970703125,63.22314,42.768594106038414
2020-09-30,3363.0,65.15464,46.66112772623698
2020-10-01,3380.800048828125,66.59794,48.277242024739586
2020-10-02,3348.419921875,67.42268,52.23367691040039
2020-10-05,3408.60009765625,72.98969,58.14432907104492
2020-10-06,3360.969970703125,70.515465,59.79381434122721
2020-10-07,3419.43994140625,75.051544,64.12371317545573
2020-10-08,3446.830078125,78.35052,67.42268371582031
2020-10-09,3477.139892578125,78.14433,73.81443532307942
2020-10-12,3534.219970703125,78.762886,78.00687408447266
2020-10-13,3511.929931640625,76.49484,78.55670166015625
2020-10-14,3488.669921875,75.87629,76.83848826090495
2020-10-15,3483.340087890625,76.49484,73.95188903808594
2020-10-16,3483.81005859375,77.31959,72.30240376790364
2020-10-19,3426.919921875,74.2268,69.20962142944336
2020-10-20,3443.1201171875,75.87629,66.80412165323894
2020-10-21,3435.56005859375,74.639175,63.64260991414388
2020-10-22,3453.489990234375,77.1134,65.36082458496094
2020-10-23,3465.389892578125,77.52577,66.8041254679362
2020-10-26,3400.969970703125,73.608246,64.12371444702148
2020-10-27,3390.679931640625,68.6598,57.1134033203125
2020-10-28,3271.030029296875,60.20619,43.230241775512695
2020-10-29,3310.110107421875,63.092785,36.42611757914225
2020-10-30,3269.9599609375,63.29897,30.584192911783855
2020-11-02,3310.239990234375,69.896904,36.01374626159668
2020-11-03,3369.159912109375,73.81443,43.024054845174156
2020-11-04,3443.43994140625,75.25773,53.47079086303711
2020-11-05,3510.449951171875,77.93815,62.47422663370768
2020-11-06,3509.43994140625,76.08247,67.01030985514323
2020-11-09,3550.5,84.53608,72.09621938069661
2020-11-10,3545.530029296875,87.010315,74.63917541503906
2020-11-11,3572.659912109375,86.391754,79.79381306966145
2020-11-12,3537.010009765625,84.53608,80.96219889322917
2020-11-13,3585.14990234375,88.04124,83.09278361002605
2020-11-16,3626.909912109375,90.72165,83.9175287882487
2020-11-17,3609.530029296875,90.92783,86.1855697631836
2020-11-18,3567.7900390625,89.27835,85.49828338623047
2020-11-19,3581.8701171875,89.896904,83.91752624511719
2020-11-20,3557.5400390625,88.865974,81.6494852701823
2020-11-23,3577.590087890625,90.30928,81.0996576944987
2020-11-24,3635.409912109375,91.75258,80.89347076416016
2020-11-25,3629.64990234375,91.546394,81.30584208170573
2020-11-27,3638.35009765625,92.37114,81.44329833984375
2020-11-30,3621.6298828125,91.13402,82.13058217366536
2020-12-01,3662.449951171875,92.78351,83.23023732503255
2020-12-02,3669.010009765625,92.78351,83.64260864257812
2020-12-03,3666.719970703125,92.37114,82.68041229248047
2020-12-04,3699.1201171875,92.577324,81.92440032958984
2020-12-07,3691.9599609375,92.78351,81.51202901204427
2020-12-08,3702.25,92.37114,81.58075714111328
2020-12-09,3672.820068359375,91.56378,80.49566650390625
2020-12-10,3668.10009765625,90.55441,78.46739959716797
2020-12-11,3663.4599609375,90.75975,76.57687123616536
2020-12-14,3647.489990234375,90.349075,75.08555857340495
2020-12-15,3694.6201171875,91.99179,76.72826894124348
2020-12-16,3701.169921875,91.58111,78.30253346761067
2020-12-17,3722.47998046875,91.99179,81.58795420328777
2020-12-18,3709.409912109375,91.37577,82.20396931966145
2020-12-21,3694.919921875,89.93839,81.99862925211589
2020-12-22,3687.260009765625,89.52772,80.35591888427734
2020-12-23,3690.010009765625,89.733055,78.98699442545573
2020-12-24,3703.06005859375,90.55441,79.73990376790364
2020-12-28,3735.360107421875,90.14374,80.28747304280598
2020-12-29,3727.0400390625,89.93839,81.0403823852539
2020-12-30,3732.0400390625,90.349075,81.17727406819661
2020-12-31,3756.070068359375,92.19713,82.54620107014973
2021-01-04,3700.64990234375,90.75975,80.2874755859375
2021-01-05,3726.860107421875,90.75975,78.50787353515625
2021-01-06,3748.139892578125,91.99179,77.61806996663411
2021-01-07,3803.7900390625,90.75975,80.83504231770833
2021-01-08,3824.679931640625,91.37577,83.2306620279948
2021-01-11,3799.610107421875,90.75975,82.47775522867839
2021-01-12,3801.18994140625,90.55441,80.49281311035156
2021-01-13,3809.840087890625,90.349075,78.85010274251302
2021-01-14,3795.5400390625,89.93839,77.27583821614583
2021-01-15,3768.25,90.55441,75.90691375732422
2021-01-19,3798.909912109375,91.17043,73.85352579752605
2021-01-20,3851.85009765625,91.78645,75.22245025634766
2021-01-21,3853.070068359375,91.17043,76.24914296468098
2021-01-22,3841.469970703125,90.349075,75.97535705566406
2021-01-25,3855.360107421875,91.37577,73.30595143636067
2021-01-26,3849.6201171875,90.75975,70.36276499430339
2021-01-27,3750.77001953125,87.67967,61.39630381266276
2021-01-28,3787.3798828125,88.09035,56.19438934326172
2021-01-29,3714.239990234375,86.036964,47.57015736897787
2021-02-01,3773.860107421875,88.09035,49.82888412475586
2021-02-02,3826.31005859375,89.52772,51.06091562906901
2021-02-03,3830.169921875,88.70637,57.35797246297201
2021-02-04,3871.739990234375,89.93839,62.83367411295573
2021-02-05,3886.830078125,90.14374,66.80355707804362
2021-02-08,3915.590087890625,90.55441,70.84188842773438
2021-02-09,3911.22998046875,90.55441,72.3477071126302
2021-02-10,3909.8798828125,89.7541,73.18687693277995
2021-02-11,3916.3798828125,88.52459,72.93230692545573
2021-02-12,3934.830078125,88.11475,72.74590301513672
2021-02-16,3932.590087890625,87.70492,71.78961944580078
2021-02-17,3931.330078125,89.54918,70.83333333333333
2021-02-18,3913.969970703125,89.13934,69.87704722086589
2021-02-19,3906.7099609375,87.909836,68.51092529296875
2021-02-22,3876.5,85.86066,66.73497009277344
2021-02-23,3881.3701171875,86.065575,65.23223876953125
2021-02-24,3925.429931640625,85.86066,65.43715922037761
2021-02-25,3829.340087890625,82.58197,63.934426625569664
2021-02-26,3811.14990234375,79.303276,60.24590174357096
2021-03-01,3901.820068359375,83.40164,59.221309661865234
2021-03-02,3870.2900390625,82.377045,60.04098256429037
2021-03-03,3819.719970703125,80.53279,60.587432861328125
2021-03-04,3768.469970703125,77.04918,54.71311696370443
2021-03-05,3841.93994140625,81.35246,54.30328114827474
2021-03-08,3821.35009765625,79.508194,56.557376861572266
2021-03-09,3875.43994140625,83.196724,62.636610666910805
2021-03-10,3898.81005859375,83.60656,65.64207331339519
2021-03-11,3939.340087890625,84.42623,68.57923380533855
2021-03-12,3943.340087890625,85.45082,70.96994527180989
2021-03-15,3968.93994140625,87.29508,73.90710703531902
2021-03-16,3962.7099609375,87.5,76.36612192789714
2021-03-17,3974.1201171875,87.090164,78.07377115885417
2021-03-18,3915.4599609375,85.65574,75.88797505696614
2021-03-19,3913.10009765625,85.86066,73.4972661336263
2021-03-22,3940.590087890625,87.5,72.54098256429036
2021-03-23,3910.52001953125,87.70492,71.6530049641927
2021-03-24,3889.139892578125,87.090164,70.76502482096355
2021-03-25,3909.52001953125,87.909836,70.35518900553386
2021-03-26,3974.5400390625,91.59836,74.18032836914062
2021-03-29,3971.090087890625,92.41803,77.73224131266277
2021-03-30,3958.550048828125,90.57377,79.16666666666667
2021-03-31,3972.889892578125,91.803276,79.09835815429688
2021-04-01,4019.8701171875,92.622955,81.07923380533855
2021-04-05,4077.909912109375,93.64754,84.28961690266927
2021-04-06,4073.93994140625,93.64754,86.7486343383789
2021-04-07,4079.949951171875,93.2377,87.22677612304688
2021-04-08,4097.169921875,93.2377,87.5
2021-04-09,4128.7998046875,93.44263,87.63661193847656
2021-04-12,4127.990234375,93.44263,88.45628356933594
2021-04-13,4141.58984375,93.64754,88.86611938476562
2021-04-14,4124.66015625,93.45603,89.69221750895183
2021-04-15,4170.419921875,94.28571,90.52332051595052
2021-04-16,4185.47021484375,94.48979,91.01400756835938
2021-04-19,4163.259765625,93.67347,90.13605244954427
2021-04-20,4134.93994140625,94.081635,86.0544204711914
2021-04-21,4173.419921875,95.30612,84.42176818847656
2021-04-22,4134.97998046875,95.30612,82.85714213053386
2021-04-23,4180.169921875,95.10204,85.57823181152344
2021-04-26,4187.6201171875,94.28571,86.66666920979817
2021-04-27,4186.72021484375,93.877556,88.50340525309245
2021-04-28,4183.18017578125,93.265305,88.7755126953125
2021-04-29,4211.47021484375,94.081635,88.0952377319336
2021-04-30,4181.169921875,93.061226,86.0544204711914
2021-05-03,4192.66015625,93.061226,84.4897944132487
2021-05-04,4164.66015625,92.244896,81.29251607259114
2021-05-05,4167.58984375,91.42857,79.52380879720052
2021-05-06,4201.6201171875,90.81632,77.48299153645833
2021-05-07,4232.60009765625,91.02041,79.04761759440105
2021-05-10,4188.43017578125,90.20409,78.70748138427734
2021-05-11,4152.10009765625,89.79591,77.55102030436198
2021-05-12,4063.0400390625,86.122444,71.15646362304688
2021-05-13,4112.5,87.551025,68.57143147786458
2021-05-14,4173.85009765625,89.591835,68.84353892008464
2021-05-17,4163.2900390625,88.36735,72.04081726074219
2021-05-18,4127.830078125,87.551025,71.29251607259114
2021-05-19,4115.68017578125,88.36735,67.34693908691406
2021-05-20,4159.1201171875,90.20409,65.98639678955078
2021-05-21,4155.85986328125,89.38776,66.32653299967448
2021-05-24,4197.0498046875,90.20409,69.25170135498047
2021-05-25,4188.1298828125,90.0,70.27210744222005
2021-05-26,4195.990234375,89.79591,72.38095092773438
2021-05-27,4200.8798828125,89.79591,73.46938832600911
2021-05-28,4204.10986328125,90.61224,75.37415059407552
2021-06-01,4202.0400390625,89.38776,74.89796193440755
2021-06-02,4208.1201171875,89.79591,73.87755330403645
2021-06-03,4192.85009765625,88.57143,71.29251861572266
2021-06-04,4229.89013671875,90.408165,71.42857106526692
2021-06-07,4226.52001953125,89.38776,70.54421742757161
2021-06-08,4227.259765625,89.591835,69.93197377522786
2021-06-09,4219.5498046875,89.591835,67.4149678548177
2021-06-10,4239.18017578125,91.42857,66.53061421712239
2021-06-11,4247.43994140625,92.65306,66.53061421712239
2021-06-14,4255.14990234375,92.85714,66.66666666666667
2021-06-15,4246.58984375,91.63265,66.39455668131511
2021-06-16,4223.7001953125,89.79591,63.33333079020182
2021-06-17,4221.85986328125,90.20409,57.95918273925781
2021-06-18,4166.4501953125,88.36735,48.231292724609375
2021-06-21,4224.7900390625,89.79591,45.78231302897135
2021-06-22,4246.43994140625,89.79591,45.91836802164713
2021-06-23,4241.83984375,88.77551,49.659863789876304
2021-06-24,4266.490234375,89.79591,49.93197377522787
2021-06-25,4280.7001953125,92.04082,52.85714213053385
2021-06-28,4290.60986328125,92.244896,54.62584940592448
2021-06-29,4291.7998046875,90.81632,54.28571319580078
2021-06-30,4297.5,90.81632,51.904762268066406
2021-07-01,4319.93994140625,90.81632,53.80952580769857
2021-07-02,4352.33984375,91.42857,56.46258799235026
2021-07-06,4343.5400390625,91.224495,56.53061548868815
2021-07-07,4358.1298828125,91.224495,55.10204315185547
2021-07-08,4320.81982421875,90.81632,51.36054484049479
2021-07-09,4369.5498046875,91.42857,54.08163197835287
2021-07-12,4384.6298828125,91.224495,55.91836675008138
2021-07-13,4369.2099609375,89.38776,57.55102030436198
2021-07-14,4374.2998046875,89.38776,55.374149322509766
2021-07-15,4360.02978515625,89.79591,53.53741455078125
2021-07-16,4327.16015625,87.755104,53.06122334798177
2021-07-19,4258.490234375,81.83674,48.50340016682943
2021-07-20,4323.06005859375,86.122444,47.414965311686196
2021-07-21,4358.68994140625,87.551025,48.63945515950521
2021-07-22,4367.47998046875,86.32653,52.31292597452799
2021-07-23,4411.7900390625,87.14285,54.5578244527181
2021-07-26,4422.2998046875,87.95918,55.578233083089195
2021-07-27,4401.4599609375,88.57143,58.0952402750651
2021-07-28,4400.64013671875,88.16326,57.95918401082357
2021-07-29,4419.14990234375,87.98371,59.277610778808594
2021-07-30,4395.259765625,87.37271,59.71334457397461
2021-08-02,4387.16015625,86.76171,60.08146667480469
2021-08-03,4423.14990234375,87.37271,60.48879877726237
2021-08-04,4402.66015625,84.11405,59.53835678100586
2021-08-05,4429.10009765625,84.31772,59.60624694824219
2021-08-06,4436.52001953125,84.521385,60.2851308186849
2021-08-09,4432.35009765625,84.11405,62.593345642089844
2021-08-10,4436.75,84.521385,64.35845057169597
2021-08-11,4442.41015625,85.74338,65.44467035929362
2021-08-12,4460.830078125,84.92872,67.75288391113281
2021-08-13,4468.0,84.72505,69.92532094319661
2021-08-16,4479.7099609375,83.70672,70.73998514811198
2021-08-17,4448.080078125,82.07739,68.83910115559895
2021-08-18,4400.27001953125,80.04073,64.42633946736653
2021-08-19,4405.7998046875,77.18941,59.87779998779297
2021-08-20,4441.669921875,78.004074,58.99524943033854
2021-08-23,4479.52978515625,81.26273,61.778682708740234
2021-08-24,4486.22998046875,82.89205,65.71622467041016
2021-08-25,4496.18994140625,83.910385,69.04277038574219
2021-08-26,4470.0,81.26273,69.38221486409505
2021-08-27,4509.3701171875,83.910385,70.73998769124348
2021-08-30,4528.7900390625,82.68839,70.6720962524414
2021-08-31,4522.68017578125,82.68839,72.3693135579427
2021-09-01,4524.08984375,82.28106,71.48676045735677
2021-09-02,4536.9501953125,83.299385,71.6904296875
2021-09-03,4535.43017578125,82.07739,70.9436543782552
2021-09-07,4520.02978515625,80.2444,68.36388651529948
2021-09-08,4514.06982421875,78.61507,64.76578521728516
2021-09-09,4493.27978515625,77.18941,61.031907399495445
2021-09-10,4458.580078125,75.356415,57.56958516438802
2021-09-13,4468.72998046875,78.41141,56.415479024251304
2021-09-14,4443.0498046875,75.56008,53.36049016316732
2021-09-15,4480.7001953125,76.782074,55.05770619710287
2021-09-16,4473.75,75.56008,53.97148640950521
2021-09-17,4432.990234375,74.33808,53.08893330891927
2021-09-20,4357.72998046875,69.4501,45.34962590535482
2021-09-21,4354.18994140625,67.82078,38.153428395589195
2021-09-22,4395.64013671875,71.69043,36.18465677897135
2021-09-23,4448.97998046875,75.967415,42.09097035725912
2021-09-24,4455.47998046875,76.17108,47.793618520100914
2021-09-27,4443.10986328125,75.967415,50.3733876546224
2021-09-28,4352.6298828125,71.486755,43.788187662760414
2021-09-29,4359.4599609375,72.09776,38.153428395589195
2021-09-30,4307.5400390625,65.78411,30.142566680908203
2021-10-01,4357.0400390625,69.85744,30.41412099202474
2021-10-04,4300.4599609375,69.4501,28.78479258219401
2021-10-05,4345.72021484375,69.24644,31.704004923502605
2021-10-06,4363.5498046875,71.2831,32.65444691975912
2021-10-07,4399.759765625,73.319756,37.474541982014976
2021-10-08,4391.33984375,70.46843,40.52953211466471
2021-10-11,4361.18994140625,68.22811,41.88730494181315
2021-10-12,4350.64990234375,67.413445,40.73319753011068
2021-10-13,4363.7998046875,68.8391,40.19008763631185
2021-10-14,4438.259765625,75.56008,44.53496170043945
2021-10-15,4471.3701171875,76.37475,50.10183334350586
2021-10-18,4486.4599609375,73.930756,55.12559509277344
2021-10-19,4519.6298828125,77.18941,57.5016975402832
2021-10-20,4536.18994140625,78.41141,60.55668512980143
2021-10-21,4549.77978515625,78.41141,63.5437863667806
2021-10-22,4544.89990234375,78.61507,66.05566660563152
2021-10-25,4566.47998046875,77.80041,66.87033081054688
2021-10-26,4574.7900390625,77.80041,67.68499501546223
2021-10-27,4551.68017578125,74.541756,64.83367284138997
2021-10-28,4596.419921875,76.782074,64.49423090616862
2021-10-29,4605.3798828125,74.94909,63.34012349446615
2021-11-01,4613.669921875,77.80041,66.59877904256184
2021-11-02,4630.64990234375,76.57841,68.09232711791992
2021-11-03,4660.56982421875,79.0224,71.07942708333333
2021-11-04,4680.06005859375,77.18941,71.96197764078777
2021-11-05,4697.52978515625,79.42973,73.38764190673828
2021-11-08,4701.7001953125,78.81874,74.54175059000652
2021-11-09,4685.25,79.0224,75.76374816894531
2021-11-10,4646.7099609375,78.81874,75.96741485595703
2021-11-11,4649.27001953125,78.004074,75.5600814819336
2021-11-12,4682.85009765625,78.004074,75.96741485595703
2021-11-15,4682.7998046875,78.61507,76.64630126953125
2021-11-16,4700.89990234375,77.59674,77.52885437011719
2021-11-17,4688.669921875,76.17108,76.51052347819011
2021-11-18,4704.5400390625,75.15275,73.59131113688152
2021-11-19,4697.9599609375,74.13442,69.85743459065755
2021-11-22,4682.93994140625,74.94909,67.68499755859375
2021-11-23,4690.7001953125,75.76375,67.95655059814453
2021-11-24,4701.4599609375,74.94909,69.38221232096355
2021-11-26,4594.6201171875,68.63544,65.64833577473958
2021-11-29,4655.27001953125,69.4501,61.914459228515625
2021-11-30,4567.0,60.89613,51.52749379475912
2021-12-01,4513.0400390625,56.82281,43.31296602884928
2021-12-02,4577.10009765625,64.35845,38.90020306905111
2021-12-03,4538.43017578125,63.340122,40.122199376424156
2021-12-06,4591.669921875,69.24644,47.386285146077476
2021-12-07,4686.75,72.09776,53.632040659586586
2021-12-08,4701.2099609375,73.11609,61.09979248046875
2021-12-09,4667.4501953125,71.89409,63.611673990885414
2021-12-10,4712.02001953125,72.91242,63.000677744547524
2021-12-13,4668.97021484375,71.2831,60.21724319458008
2021-12-14,4634.08984375,70.26477,57.162253061930336
2021-12-15,4709.85009765625,71.69043,55.05770492553711
2021-12-16,4668.669921875,71.2831,54.78615061442057
2021-12-17,4620.64013671875,67.413445,54.65037282307943
2021-12-20,4568.02001953125,62.525455,49.28716786702474
2021-12-21,4649.22998046875,68.8391,48.472503662109375
2021-12-22,4696.56005859375,68.8391,51.05227406819662
2021-12-23,4725.7900390625,71.69043,58.65580495198568
2021-12-27,4791.18994140625,75.15275,64.2905642191569
2021-12-28,4786.35009765625,75.56008,68.77121353149414
2021-12-29,4793.06005859375,76.37475,71.69042714436848
2021-12-30,4778.72998046875,76.17108,71.28309631347656
2021-12-31,4766.18017578125,76.37475,70.80787658691406
2022-01-03,4796.56005859375,76.98574,70.67209879557292
2022-01-04,4793.5400390625,77.80041,72.84453582763672
2022-01-05,4700.580078125,73.930756,71.28309631347656
2022-01-06,4696.0498046875,72.30142,69.78954569498698
2022-01-07,4677.02978515625,72.91242,64.83367284138997
2022-01-10,4670.2900390625,71.69043,62.66123580932617
2022-01-11,4713.06982421875,73.72709,61.507127126057945
2022-01-12,4726.35009765625,74.33808,62.52545674641927
2022-01-13,4659.02978515625,72.5051,62.797011057535805
2022-01-14,4662.85009765625,69.24644,60.21724319458008
2022-01-18,4577.10986328125,62.93279,54.65037282307943
2022-01-19,4532.759765625,60.162605,48.37660598754883
2022-01-20,4482.72998046875,56.30081,41.90234502156576
2022-01-21,4397.93994140625,53.86179,36.111111323038735
2022-01-24,4410.1298828125,55.69106,32.65582720438639
2022-01-25,4356.4501953125,49.390244,30.352303822835285
2022-01-26,4349.93017578125,45.528458,29.67479642232259
2022-01-27,4326.509765625,42.07317,28.048779169718426
2022-01-28,4431.85009765625,49.390244,29.336043039957683
2022-01-31,4515.5498046875,55.284554,32.58807500203451
2022-02-01,4546.5400390625,57.11382,37.669376373291016
2022-02-02,4589.3798828125,60.365856,41.80216725667318
2022-02-03,4477.43994140625,53.65854,42.54742558797201
2022-02-04,4500.52978515625,52.23577,41.937670389811196
2022-02-07,4483.8701171875,52.642273,39.83739980061849
2022-02-08,4521.5400390625,56.09756,40.31165440877279
2022-02-09,4587.18017578125,61.178864,44.105691274007164
2022-02-10,4504.080078125,55.081303,44.783196767171226
2022-02-11,4418.64013671875,48.780487,43.360432942708336
2022-02-14,4401.669921875,45.93496,37.46612421671549
2022-02-15,4471.06982421875,52.032516,36.585365295410156
2022-02-16,4475.009765625,53.65854,37.46612421671549
2022-02-17,4380.259765625,47.357723,37.60162607828776
2022-02-18,4348.8701171875,46.747967,35.09485181172689
2022-02-22,4304.759765625,43.90244,31.097561518351238
2022-02-23,4225.5,38.00813,27.439023971557617
2022-02-24,4288.7001953125,38.821136,24.525745391845703
2022-02-25,4384.64990234375,48.98374,27.777777353922527
2022-02-28,4373.93994140625,47.357723,31.165311177571613
2022-03-01,4306.259765625,40.04065,31.97831853230794
2022-03-02,4386.5400390625,47.764225,31.775066375732422
2022-03-03,4363.490234375,46.951218,32.52032470703125
2022-03-04,4328.8701171875,44.918697,35.63685607910156
2022-03-07,4201.08984375,36.178864,32.85907872517904
2022-03-08,4170.7001953125,35.772358,29.403793970743816
2022-03-09,4277.8798828125,40.447155,27.574525833129883
2022-03-10,4259.52001953125,39.634148,27.71002705891927
2022-03-11,4204.31005859375,37.601627,28.252031962076824
2022-03-14,4173.10986328125,38.00813,27.23577117919922
2022-03-15,4262.4501953125,41.260162,28.3197816212972
2022-03-16,4357.85986328125,45.528458,34.146340688069664
2022-03-17,4411.669921875,49.186993,42.682926177978516
2022-03-18,4463.1201171875,52.642273,51.42276382446289
2022-03-21,4461.18017578125,51.219513,55.75880686442057
2022-03-22,4511.60986328125,53.455288,58.60433705647787
2022-03-23,4456.240234375,48.98374,56.09756215413412
2022-03-24,4520.16015625,53.04878,57.249324798583984
2022-03-25,4543.06005859375,53.86179,58.53658676147461
2022-03-28,4575.52001953125,55.89431,63.8888905843099
2022-03-29,4631.60009765625,62.19512,70.18970235188802
2022-03-30,4602.4501953125,59.14634,73.0352300008138
2022-03-31,4530.41015625,54.268295,72.49322509765625
2022-04-01,4545.85986328125,53.86179,68.36043548583984
2022-04-04,4582.64013671875,54.065044,67.07317352294922
2022-04-05,4525.1201171875,50.4065,66.26016489664714
2022-04-06,4481.14990234375,50.0,63.075880686442055
2022-04-07,4500.2099609375,49.390244,59.68834559122721
2022-04-08,4488.27978515625,48.780487,57.384822845458984
2022-04-11,4412.52978515625,47.154472,55.69105529785156
2022-04-12,4397.4501953125,46.544716,53.31978225708008
2022-04-13,4446.58984375,48.577236,53.25203069051107
2022-04-14,4392.58984375,47.96748,53.86178843180338
2022-04-18,4391.68994140625,47.357723,53.86178843180338
2022-04-19,4462.2099609375,49.5935,55.487805684407554
2022-04-20,4459.4501953125,52.23577,59.28184127807617
2022-04-21,4393.66015625,49.390244,61.314361572265625
2022-04-22,4271.77978515625,43.69919,55.216800689697266
2022-04-25,4296.1201171875,44.715446,47.69647725423177
2022-04-26,4175.2001953125,41.463413,39.76964823404948
2022-04-27,4183.9599609375,42.479675,37.12737147013346
2022-04-28,4287.5,45.528458,37.05962117513021
2022-04-29,4131.93017578125,37.19512,34.75609842936198
2022-05-02,4155.3798828125,36.585365,31.165311813354492
2022-05-03,4175.47998046875,38.21138,26.42276446024577
2022-05-04,4300.169921875,42.276424,33.53658485412598
2022-05-05,4146.8701171875,36.585365,34.89159901936849
2022-05-06,4123.33984375,34.756096,34.28184254964193
2022-05-09,3991.239990234375,30.89431,24.45799446105957
2022-05-10,4001.050048828125,29.87805,20.392953236897785
2022-05-11,3935.179931640625,29.268291,16.124660809834797
2022-05-12,3930.080078125,28.861788,14.701896667480469
2022-05-13,4023.889892578125,32.520325,15.65040651957194
2022-05-16,4008.010009765625,32.723576,17.81842835744222
2022-05-17,4088.85009765625,34.95935,22.967480341593426
2022-05-18,3923.679931640625,28.04878,21.680217742919922
2022-05-19,3900.7900390625,27.439026,19.173442204793293
2022-05-20,3901.360107421875,26.219511,13.279132843017578
2022-05-23,3973.75,28.861788,14.092140833536783
2022-05-24,3941.47998046875,30.284554,16.59891637166341
2022-05-25,3978.72998046875,30.487806,20.121952056884766
2022-05-26,4057.840087890625,33.333336,24.525746027628582
2022-05-27,4158.240234375,37.601627,33.13008181254069
2022-05-31,4132.14990234375,36.585365,38.82113838195801
2022-06-01,4101.22998046875,33.739838,39.498644510904946
2022-06-02,4176.81982421875,36.382114,39.227640787760414
2022-06-03,4108.5400390625,33.94309,38.5501340230306
2022-06-06,4121.43017578125,34.146343,41.53116353352865
2022-06-07,4160.68017578125,37.80488,43.089430491129555
2022-06-08,4115.77001953125,33.94309,42.95392862955729
2022-06-09,4017.820068359375,28.455284,36.924119313557945
2022-06-10,3900.860107421875,25.406504,24.45799446105957
2022-06-13,3749.6298828125,18.90244,13.482385158538818
2022-06-14,3735.47998046875,16.869919,7.181571960449219
2022-06-15,3789.989990234375,17.886179,5.149051348368327
2022-06-16,3666.77001953125,13.008129,4.336043198903401
2022-06-17,3674.840087890625,11.99187,3.5230351289113364
2022-06-21,3764.7900390625,16.869919,3.1165311336517334
2022-06-22,3759.889892578125,16.260162,4.3360434373219805
2022-06-23,3795.72998046875,18.089432,7.113821347554524
2022-06-24,3911.739990234375,22.764229,12.737127621968588
2022-06-27,3900.110107421875,23.780487,18.224932034810383
2022-06-28,3821.550048828125,21.95122,19.715447107950848
2022-06-29,3818.830078125,21.95122,17.479674975077312
2022-06-30,3785.3798828125,21.341463,15.108401934305826
2022-07-01,3825.330078125,24.390244,18.631436983744305
2022-07-05,3831.389892578125,20.528456,21.40921465555827
2022-07-06,3845.080078125,20.121952,25.406504948933918
2022-07-07,3902.6201171875,21.95122,27.100271860758465
2022-07-08,3899.3798828125,21.747967,29.268294016520183
2022-07-11,3854.429931640625,20.93496,29.471545537312824
2022-07-12,3818.800048828125,20.121952,26.829269409179688
2022-07-13,3801.780029296875,18.90244,23.441734949747723
2022-07-14,3790.3798828125,18.089432,20.934960047403973
2022-07-15,3863.159912109375,19.10569,23.102980931599934
2022-07-18,3830.85009765625,17.073172,24.390243530273438
2022-07-19,3936.68994140625,20.93496,33.73983637491862
2022-07-20,3959.89990234375,20.528456,41.937669118245445
2022-07-21,3998.949951171875,22.357723,54.5392951965332
2022-07-22,3961.6298828125,21.95122,57.99457931518555
2022-07-25,3966.840087890625,25.20325,60.84010696411133
2022-07-26,3921.050048828125,23.577236,59.0108388264974
2022-07-27,4023.610107421875,27.642277,62.80487823486328
2022-07-28,4072.429931640625,34.349594,67.95392990112305
2022-07-29,4130.2900390625,36.78862,76.08401234944661
2022-08-01,4118.6298828125,36.178864,79.47154490152995
2022-08-02,4091.18994140625,33.94309,79.13279215494792
2022-08-03,4155.169921875,38.21138,78.72628784179688
2022-08-04,4151.93994140625,38.00813,77.64227803548177
2022-08-05,4145.18994140625,38.00813,77.50677490234375
2022-08-08,4140.06005859375,39.227642,77.30352274576823
2022-08-09,4122.47021484375,36.585365,77.77777862548828
2022-08-10,4210.240234375,43.69919,81.36856587727864
2022-08-11,4207.27001953125,44.512196,84.75609842936198
2022-08-12,4280.14990234375,50.813007,89.76964823404948
2022-08-15,4297.14013671875,51.219513,91.53116607666016
2022-08-16,4305.2001953125,53.65854,93.15718332926433
2022-08-17,4274.0400390625,50.813007,92.9539311726888
2022-08-18,4283.740234375,52.439022,93.15718332926433
2022-08-19,4228.47998046875,47.560974,92.14092254638672
2022-08-22,4137.990234375,40.04065,89.0921401977539
2022-08-23,4128.72998046875,40.243904,85.29810078938802
2022-08-24,4140.77001953125,41.05691,82.85907491048177
2022-08-25,4199.1201171875,45.73171,84.01083628336589
2022-08-26,4057.659912109375,37.19512,79.81029510498047
2022-08-29,4030.610107421875,35.772358,73.03522872924805
2022-08-30,3986.159912109375,32.317074,62.12737147013346
2022-08-31,3955.0,30.89431,54.742547353108726
2022-09-01,3966.85009765625,31.707317,49.5257453918457
2022-09-02,3924.260009765625,29.268291,44.44444274902344
2022-09-06,3908.18994140625,29.268291,41.39566294352213
2022-09-07,3979.8701171875,35.975613,43.089429219563804
2022-09-08,4006.179931640625,38.00813,49.796746571858726
2022-09-09,4067.360107421875,42.276424,60.09484990437826
2022-09-12,4110.41015625,43.90244,67.61517588297527
2022-09-13,3932.68994140625,34.552845,61.99187088012695
2022-09-14,3946.010009765625,34.146343,52.91327921549479
2022-09-15,3901.35009765625,31.707317,39.90515009562174
2022-09-16,3873.330078125,29.674795,35.365854263305664
2022-09-19,3899.889892578125,31.09756,32.79132906595866
2022-09-20,3855.929931640625,28.455284,29.403793970743816
2022-09-21,3789.929931640625,25.406504,25.677506764729817
2022-09-22,3757.989990234375,21.341463,18.292682965596516
2022-09-23,3693.22998046875,16.463415,11.246612707773844
2022-09-26,3655.0400390625,13.414635,6.571815808614095
2022-09-27,3647.2900390625,12.398375,3.861788590749105
2022-09-28,3719.0400390625,16.869919,5.081301053365071
2022-09-29,3640.469970703125,14.02439,6.029810428619385
2022-09-30,3585.6201171875,12.804878,6.368563810984294
2022-10-03,3678.429931640625,17.276423,6.639566262563069
2022-10-04,3790.929931640625,24.390244,11.924118836720785
2022-10-05,3783.280029296875,24.79675,18.224931716918945
2022-10-06,3744.52001953125,22.15447,21.68021583557129
2022-10-07,3639.659912109375,18.089432,18.08943049112956
2022-10-10,3612.389892578125,17.479675,14.498644510904947
2022-10-11,3588.840087890625,17.682926,12.127371470133463
2022-10-12,3577.030029296875,17.276423,11.856368700663248
2022-10-13,3669.909912109375,19.715448,13.685637474060059
2022-10-14,3583.070068359375,16.260162,13.075881322224935
2022-10-17,3677.949951171875,20.121952,15.8536589940389
2022-10-18,3719.97998046875,22.764229,18.292682965596516
2022-10-19,3695.159912109375,21.138212,21.815718332926433
2022-10-20,3665.780029296875,19.308943,21.476964950561523
2022-10-21,3752.75,24.18699,23.170732498168945
2022-10-24,3797.340087890625,26.422764,28.387535095214844
2022-10-25,3859.110107421875,31.300814,38.75338935852051
2022-10-26,3830.60009765625,33.333336,46.07046127319336
2022-10-27,3807.300048828125,34.349594,51.964769999186196
2022-10-28,3901.06005859375,40.650406,57.92682902018229
2022-10-31,3871.97998046875,39.8374,61.99187088012695
2022-11-01,3856.10009765625,40.04065,65.78590901692708
2022-11-02,3759.68994140625,36.382114,61.17886225382487
2022-11-03,3719.889892578125,35.569103,57.249322255452476
2022-11-04,3770.550048828125,39.024387,55.69105656941732
2022-11-07,3806.800048828125,42.88618,59.89159901936849
2022-11-08,3828.110107421875,43.90244,65.17615254720052
2022-11-09,3748.570068359375,40.447155,65.51490529378255
2022-11-10,3956.3701171875,56.09756,71.47696431477864
2022-11-11,3992.929931640625,57.723576,76.21951039632161
2022-11-14,3957.25,54.674797,82.38482157389323
2022-11-15,3991.72998046875,57.317074,82.45257314046223
2022-11-16,3958.7900390625,55.69106,82.38482411702473
2022-11-17,3946.56005859375,53.65854,82.31707509358723
2022-11-18,3965.340087890625,57.926826,82.52032725016277
2022-11-21,3949.93994140625,58.333332,83.26558430989583
2022-11-22,4003.580078125,60.975613,85.77235921223958
2022-11-23,4027.260009765625,63.821136,87.8726298014323
2022-11-25,4026.1201171875,65.2439,89.76964823404948
2022-11-28,3963.93994140625,59.95935,89.29539235432942
2022-11-29,3957.6298828125,59.7561,87.8726298014323
2022-11-30,4080.110107421875,66.46342,88.34688568115234
2022-12-01,4076.570068359375,67.07317,89.76965077718098
2022-12-02,4071.699951171875,65.650406,91.26016489664714
2022-12-05,3998.840087890625,60.569107,88.61788686116536
2022-12-06,3941.260009765625,58.739834,84.75609842936198
2022-12-07,3933.919921875,57.723576,80.96206156412761
2022-12-08,3963.510009765625,59.55285,80.01355234781902
2022-12-09,3934.3798828125,58.13008,79.60704549153645
2022-12-12,3990.56005859375,62.80488,79.87804667154948
2022-12-13,4019.64990234375,66.26016,80.081298828125
2022-12-14,3995.320068359375,63.414635,80.55555725097656
2022-12-15,3895.75,54.76673,76.03879801432292
2022-12-16,3852.360107421875,51.521294,68.27550506591797
2022-12-19,3817.659912109375,49.4929,58.68830108642578
2022-12-20,3821.6201171875,49.89858,53.549696604410805
2022-12-21,3878.43994140625,53.549694,54.29344177246094
2022-12-22,3822.389892578125,51.926975,54.36105600992838
2022-12-23,3844.820068359375,53.752537,55.64570617675781
2022-12-27,3829.25,54.361057,53.48208363850912
2022-12-28,3783.219970703125,50.91278,50.709939320882164
2022-12-29,3849.280029296875,54.969574,50.57471211751302
2022-12-30,3839.5,52.332657,48.073020935058594
2023-01-03,3824.139892578125,52.332657,49.22244644165039
2023-01-04,3852.969970703125,55.172413,48.88438161214193
2023-01-05,3808.10009765625,52.129818,47.59972890218099
2023-01-06,3895.080078125,58.41785,53.549695332845054
2023-01-09,3892.090087890625,58.823532,56.11899948120117
2023-01-10,3919.25,61.866127,63.488843282063804
2023-01-11,3969.610107421875,65.51724,67.00473276774089
2023-01-12,3983.169921875,67.95132,71.46720631917317
2023-01-13,3999.090087890625,67.13996,75.11832427978516
2023-01-17,3990.969970703125,66.734276,75.1859359741211
2023-01-18,3928.860107421875,60.44625,69.91210174560547
2023-01-19,3898.85009765625,59.026367,60.6490847269694
2023-01-20,3972.610107421875,63.69168,56.32183837890625
2023-01-23,4019.81005859375,67.13996,59.1615956624349
2023-01-24,4016.949951171875,66.328606,65.8553072611491
2023-01-25,4016.219970703125,66.12576,67.9513168334961
2023-01-26,4060.429931640625,67.54564,69.30358123779297
2023-01-27,4070.56005859375,69.16836,70.1149419148763
2023-01-30,4017.77001953125,67.3428,69.77687581380208
2023-01-31,4076.60009765625,73.22515,70.5882339477539
2023-02-01,4119.2099609375,74.84787,72.41379038492839
2023-02-02,4179.759765625,80.121704,75.0507074991862
2023-02-03,4136.47998046875,74.23935,74.10412343343098
2023-02-06,4111.080078125,72.21095,71.60243479410808
2023-02-07,4164.0,74.84787,71.06152852376302
2023-02-08,4117.85986328125,72.21095,70.45301055908203
2023-02-09,4081.5,69.77688,68.76267751057942
2023-02-10,4090.4599609375,72.00812,66.46382904052734
2023-02-13,4137.2900390625,73.63084,67.81609344482422
2023-02-14,4136.1298828125,73.83367,69.84449259440105
2023-02-15,4147.60009765625,74.84787,71.3319829305013
2023-02-16,4090.409912109375,72.61663,69.43881225585938
2023-02-17,4079.090087890625,72.00812,68.76268005371094
2023-02-21,3997.340087890625,66.12576,62.67748769124349
2023-02-22,3991.050048828125,65.11156,57.336039225260414
2023-02-23,4012.320068359375,65.92292,53.076403299967446
2023-02-24,3970.0400390625,61.257607,51.45368448893229
2023-02-27,3982.239990234375,61.257607,50.84516525268555
2023-02-28,3970.14990234375,59.43205,47.80256907145182
2023-03-01,3951.389892578125,58.01217,46.585530598958336
2023-03-02,3981.35009765625,61.054768,45.77417119344076
2023-03-03,4045.639892578125,66.93712,48.95199457804362
2023-03-06,4048.419921875,64.90872,52.06220372517904
2023-03-07,3986.3701171875,59.43205,49.42528788248698
2023-03-08,3992.010009765625,59.83773,44.42190678914388
2023-03-09,3918.320068359375,51.521294,36.037863413492836
2023-03-10,3861.590087890625,45.638947,28.803245544433594
2023-03-13,3855.760009765625,43.20487,21.703853607177734
2023-03-14,3919.2900390625,48.073025,21.027721405029297
2023-03-15,3891.929931640625,43.002026,22.31237284342448
2023-03-16,3960.280029296875,47.4645,25.219743092854817
2023-03-17,3916.639892578125,41.78499,24.07031758626302
2023-03-20,3951.570068359375,48.88438,26.301554997762043
2023-03-21,4002.8701171875,52.129818,26.707234064737957
2023-03-22,3936.969970703125,45.233265,26.50439453125
2023-03-23,3948.719970703125,43.61055,24.40838368733724
2023-03-24,3970.989990234375,45.233265,23.12373161315918
2023-03-27,3977.530029296875,48.073025,24.746449788411457
2023-03-28,3971.27001953125,49.290062,26.57200749715169
2023-03-29,4027.81005859375,55.172413,30.42596371968587
2023-03-30,4050.830078125,57.200813,35.36173057556152
2023-03-31,4109.31005859375,62.068962,43.745774586995445
2023-04-03,4124.509765625,62.880325,49.83096694946289
2023-04-04,4100.60009765625,60.04057,51.38607279459635
2023-04-05,4090.3798828125,59.634888,48.478702545166016
2023-04-06,4105.02001953125,59.43205,44.89520009358724
2023-04-10,4109.10986328125,60.649086,46.24746449788412
2023-04-11,4108.93994140625,63.69168,49.56051381429037
2023-04-12,4091.949951171875,62.474644,51.85936482747396
2023-04-13,4146.22021484375,65.51724,53.887762705485024
2023-04-14,4137.64013671875,62.677486,54.36105600992838
2023-04-17,4151.31982421875,64.503044,56.79513295491537
2023-04-18,4154.8701171875,64.70589,58.48546473185221
2023-04-19,4154.52001953125,65.3144,60.17579650878906
2023-04-20,4129.7900390625,62.271805,60.3110237121582
2023-04-21,4133.52001953125,61.46045,58.95875676472982
2023-04-24,4137.0400390625,61.66329,58.755916595458984
2023-04-25,4071.6298828125,55.375256,54.76673380533854
2023-04-26,4055.989990234375,50.5071,48.74915568033854
2023-04-27,4135.35009765625,55.98377,46.112237294514976
2023-04-28,4169.47998046875,61.054768,50.23664474487305
2023-05-01,4167.8701171875,58.62069,57.60648981730143
2023-05-02,4119.580078125,53.346855,56.592291514078774
2023-05-03,4090.75,49.4929,52.129817962646484
2023-05-04,4061.219970703125,48.785423,46.42019271850586
2023-05-05,4136.25,54.25101,48.41149775187174
2023-05-08,4138.1201171875,53.846157,51.61943054199219
2023-05-09,4119.169921875,51.821865,54.25101089477539
2023-05-10,4137.64013671875,53.643726,53.441296895345054
2023-05-11,4130.6201171875,51.214577,51.82186508178711
2023-05-12,4124.080078125,51.821865,51.28205235799154
2023-05-15,4136.27978515625,52.226723,51.21457544962565
2023-05-16,4109.89990234375,47.165993,49.25776036580404
2023-05-17,4158.77001953125,50.404858,49.392714182535805
2023-05-18,4198.0498046875,54.048584,49.662619272867836
2023-05-19,4191.97998046875,52.83401,52.36167526245117
2023-05-22,4192.6298828125,53.643726,53.30634435017904
2023-05-23,4145.580078125,50.20243,50.404858907063804
2023-05-24,4115.240234375,47.77328,44.601888020833336
2023-05-25,4151.27978515625,45.344128,38.32658386230469
2023-05-26,4205.4501953125,47.77328,36.63967514038086
2023-05-30,4205.52001953125,47.368423,37.58434549967448
2023-05-31,4179.830078125,45.1417,37.24696350097656
2023-06-01,4221.02001953125,47.77328,37.24696350097656
2023-06-02,4282.3701171875,58.097164,43.45479075113932
2023-06-05,4273.7900390625,56.68016,49.392712910970054
2023-06-06,4283.85009765625,58.299595,54.655869801839195
2023-06-07,4267.52001953125,60.526318,56.342779795328774
2023-06-08,4293.93017578125,61.740894,59.51417032877604
2023-06-09,4298.85986328125,61.133606,61.67341613769531
2023-06-12,4338.93017578125,61.740894,61.87584431966146
2023-06-13,4369.009765625,64.37247,64.10256576538086
2023-06-14,4372.58984375,62.955463,65.7219975789388
2023-06-15,4425.83984375,69.4332,68.82590993245442
2023-06-16,4409.58984375,69.230774,70.58029429117839
2023-06-20,4388.7099609375,64.97976,71.05263010660808
2023-06-21,4365.68994140625,65.58704,69.7705815633138
2023-06-22,4381.89013671875,63.15789,66.73414357503255
2023-06-23,4348.330078125,59.91903,63.42780049641927
2023-06-26,4328.81982421875,62.550606,61.74088923136393
2023-06-27,4378.41015625,65.38461,63.427799224853516
2023-06-28,4376.85986328125,63.56275,66.59918848673503
2023-06-29,4396.43994140625,68.21863,69.97300720214844
2023-06-30,4450.3798828125,69.4332,72.73954010009766
2023-07-03,4455.58984375,71.45749,77.12550608317058
2023-07-05,4446.81982421875,71.05263,79.8245620727539
2023-07-06,4411.58984375,68.0162,79.48718007405598
2023-07-07,4398.9501953125,67.81377,77.8677469889323
2023-07-10,4409.52978515625,70.44534,76.2483139038086
2023-07-11,4439.259765625,74.089066,78.13765207926433
2023-07-12,4472.16015625,75.910934,81.51147206624348
2023-07-13,4510.0400390625,76.51822,84.95276896158855
2023-07-14,4505.419921875,73.88664,86.16734568277995
2023-07-17,4522.7900390625,73.48178,85.42510477701823
2023-07-18,4554.97998046875,73.88664,84.2780049641927
2023-07-19,4565.72021484375,76.72065,84.61538696289062
2023-07-20,4534.8701171875,77.732796,86.43724822998047
2023-07-21,4536.33984375,78.54251,88.39406331380208
2023-07-24,4554.64013671875,79.1498,89.4736836751302
2023-07-25,4567.4599609375,79.1498,89.67611185709636
2023-07-26,4566.75,78.94737,89.33872985839844
2023-07-27,4537.41015625,76.72065,86.84210205078125
2023-07-28,4582.22998046875,76.72065,84.75033569335938
2023-07-31,4588.9599609375,77.327934,83.4008076985677
2023-08-01,4576.72998046875,75.30364,83.26585642496745
2023-08-02,4513.39013671875,74.49393,80.97165934244792
2023-08-03,4501.89013671875,71.86234,76.38326772054036
2023-08-04,4478.02978515625,68.42105,70.37786865234375
2023-08-07,4518.43994140625,71.65992,67.81376647949219
2023-08-08,4499.3798828125,69.02834,65.38461430867513
2023-08-09,4467.7099609375,70.04049,64.10256449381511
2023-08-10,4468.830078125,67.81377,61.06612650553385
2023-08-11,4464.0498046875,68.82591,59.04183578491211
2023-08-14,4489.72021484375,68.42105,57.894735972086586
2023-08-15,4437.85986328125,63.76518,53.98110580444336
2023-08-16,4404.330078125,61.336033,49.1902821858724
2023-08-17,4370.35986328125,59.7166,42.307690938313804
2023-08-18,4369.7099609375,59.7166,38.86639531453451
2023-08-21,4399.77001953125,59.109314,37.17948659261068
2023-08-22,4387.5498046875,56.275303,36.5047238667806
2023-08-23,4436.009765625,57.692307,37.58434549967448
2023-08-24,4376.31005859375,56.47773,36.23481750488281
2023-08-25,4405.7099609375,57.28745,36.90958023071289
2023-08-28,4433.31005859375,59.109314,36.572198232014976
2023-08-29,4497.6298828125,62.955463,41.22806930541992
2023-08-30,4514.8701171875,63.56275,45.81646474202474
2023-08-31,4507.66015625,62.550606,48.24561564127604
2023-09-01,4515.77001953125,64.37247,49.05533091227213
2023-09-05,4496.830078125,59.51417,45.54655838012695
2023-09-06,4465.47998046875,58.906883,42.44264475504557
2023-09-07,4451.14013671875,56.88259,38.866397857666016
2023-09-08,4457.490234375,56.88259,38.5290158589681
2023-09-11,4487.4599609375,57.692307,39.541160583496094
2023-09-12,4461.89990234375,57.692307,39.40620676676432
2023-09-13,4467.43994140625,57.894737,39.13630167643229
2023-09-14,4505.10009765625,61.94332,40.14844767252604
2023-09-15,4450.31982421875,60.12146,39.811065673828125
2023-09-18,4453.52978515625,59.109314,40.013495127360024
2023-09-19,4443.9501953125,57.894737,37.314440409342446
2023-09-20,4402.2001953125,57.28745,35.89743677775065
2023-09-21,4330.0,51.012146,30.499325434366863
2023-09-22,4320.06005859375,49.595142,25.64102554321289
2023-09-25,4337.43994140625,50.20243,22.33468246459961
2023-09-26,4273.52978515625,45.54656,20.377867380777996
2023-09-27,4274.509765625,45.951416,19.365721384684246
2023-09-28,4299.7001953125,47.165993,19.163292566935223
2023-09-29,4288.0498046875,46.558704,20.107962290445965
2023-10-02,4288.39013671875,45.54656,19.230770111083984
2023-10-03,4229.4501953125,42.307693,15.1821870803833
2023-10-04,4263.75,43.43434,13.553075154622396
2023-10-05,4258.18994140625,42.626263,13.475238164265951
2023-10-06,4308.5,44.0404,16.96969699859619
2023-10-09,4335.66015625,46.464645,21.010101318359375
2023-10-10,4358.240234375,49.49495,25.58922576904297
2023-10-11,4376.9501953125,48.686867,30.16835085550944
2023-10-12,4349.60986328125,46.262627,31.44781239827474
2023-10-13,4327.77978515625,44.646465,31.178452173868816
2023-10-16,4373.6298828125,47.67677,30.976430892944336
2023-10-17,4373.2001953125,48.686867,33.198652267456055
2023-10-18,4314.60009765625,44.0404,33.53535270690918
2023-10-19,4278.0,42.22222,29.494949340820312
2023-10-20,4224.16015625,37.575756,22.895622889200848
2023-10-23,4217.0400390625,35.959595,18.18181864420573
2023-10-24,4247.68017578125,37.17172,17.037036895751953
2023-10-25,4186.77001953125,33.939396,16.700336456298828
2023-10-26,4137.22998046875,33.333336,16.767676035563152
2023-10-27,4117.3701171875,29.49495,14.141413688659668
2023-10-30,4166.81982421875,33.131313,14.074074109395346
2023-10-31,4193.7998046875,36.767677,16.228956540425617
2023-11-01,4237.85986328125,39.39394,21.75084177652995
2023-11-02,4317.77978515625,45.656567,30.63973045349121
2023-11-03,4358.33984375,49.09091,40.875420888264976
2023-11-06,4365.97998046875,47.272728,47.946127573649086
2023-11-07,4378.3798828125,46.060608,49.966328938802086
2023-11-08,4382.77978515625,45.454548,48.686866760253906
2023-11-09,4347.35009765625,43.43434,47.340066274007164
2023-11-10,4415.240234375,46.868687,49.15824890136719
2023-11-13,4411.5498046875,47.070705,50.639731089274086
2023-11-14,4495.7001953125,56.767677,59.52862040201823
2023-11-15,4502.8798828125,57.373737,65.65656661987305
2023-11-16,4508.240234375,56.565655,71.24579366048177
2023-11-17,4514.02001953125,59.191917,72.05387369791667
2023-11-20,4547.3798828125,59.393944,73.06397501627605
2023-11-21,4538.18994140625,59.59596,74.54545593261719
2023-11-22,4556.6201171875,61.616165,75.48821767171223
2023-11-24,4559.33984375,63.636364,76.56565856933594
2023-11-27,4550.43017578125,62.0202,77.71043904622395
2023-11-28,4554.89013671875,62.62626,78.31650034586589
2023-11-29,4550.580078125,64.84848,78.11448160807292
2023-11-30,4567.7998046875,65.85858,79.19192250569661
2023-12-01,4594.6298828125,71.91919,81.81818389892578
2023-12-04,4569.77978515625,71.71717,84.17508443196614
2023-12-05,4567.18017578125,67.47475,84.98316446940105
2023-12-06,4549.33984375,67.87879,83.2323226928711
2023-12-07,4585.58984375,69.09091,82.15488179524739
2023-12-08,4604.3701171875,71.31313,82.15488179524739
2023-12-11,4622.43994140625,73.13131,83.97306569417317
2023-12-12,4643.7001953125,72.323235,85.1178461710612
2023-12-13,4707.08984375,78.58585,87.20538838704427
2023-12-14,4719.5498046875,80.80808,88.08080546061198
2023-12-15,4719.18994140625,77.37373,88.75420633951823
2023-12-18,4740.56005859375,78.18182,88.55218505859375
2023-12-19,4768.3701171875,81.616165,89.02356719970703
2023-12-20,4698.35009765625,75.757576,88.35016632080078
2023-12-21,4746.75,78.38384,88.28282928466797
2023-12-22,4754.6298828125,78.9899,88.080810546875
2023-12-26,4774.75,80.80808,89.6969706217448
2023-12-27,4781.580078125,81.0101,89.96632893880208
2023-12-28,4783.35009765625,82.0202,89.89898681640625
2023-12-29,4769.830078125,82.0202,89.83164978027344
2024-01-02,4742.830078125,83.030304,90.50505065917969
2024-01-03,4704.81005859375,81.0101,91.0437723795573
2024-01-04,4688.68017578125,80.0,90.57239278157552
2024-01-05,4697.240234375,80.80808,89.22559356689453
2024-01-08,4763.5400390625,81.21212,89.1582539876302
2024-01-09,4756.5,80.404045,88.61953226725261
2024-01-10,4783.4501953125,80.606064,88.21549224853516
2024-01-11,4780.240234375,79.19192,86.32996877034505
2024-01-12,4783.830078125,79.39394,85.45454661051433
2024-01-16,4765.97998046875,77.37373,83.70370229085286
2024-01-17,4739.2099609375,73.93939,79.79797871907552
2024-01-18,4780.93994140625,74.94949,76.70033518473308
2024-01-19,4839.81005859375,74.94949,75.42087300618489
2024-01-22,4850.43017578125,75.15151,76.63299306233723
2024-01-23,4864.60009765625,74.94949,77.71043650309245
2024-01-24,4868.5498046875,73.93939,76.56565602620442
2024-01-25,4894.16015625,75.959595,76.83501942952473
2024-01-26,4890.97021484375,76.76768,76.49831644694011
2024-01-29,4927.93017578125,78.58585,78.1144790649414
2024-01-30,4924.97021484375,77.77778,78.04713694254558
2024-01-31,4845.64990234375,75.15151,74.47811635335286
2024-02-01,4906.18994140625,79.59596,72.52525329589844
2024-02-02,4958.60986328125,75.15151,68.88888804117839
2024-02-05,4942.81005859375,72.323235,67.13804372151692
2024-02-06,4954.22998046875,74.94949,64.78114064534505
2024-02-07,4995.06005859375,75.35353,64.44444274902344
2024-02-08,4997.91015625,74.34344,65.92592366536458
2024-02-09,5026.60986328125,74.545456,65.79124450683594
2024-02-12,5021.83984375,76.16161,66.53198496500652
2024-02-13,4953.169921875,71.51515,63.36700312296549
2024-02-14,5000.6201171875,73.93939,61.2121213277181
2024-02-15,5029.72998046875,75.757576,60.60606002807617
2024-02-16,5005.56982421875,74.14141,62.96296310424805
2024-02-20,4975.509765625,73.93939,64.37710316975911
2024-02-21,4981.7998046875,77.17172,64.37710316975911
2024-02-22,5087.02978515625,78.38384,66.06060409545898
2024-02-23,5088.7998046875,79.19192,68.55218760172527
2024-02-26,5069.52978515625,76.36363,68.01346588134766
2024-02-27,5078.18017578125,77.37373,67.6094258626302
2024-02-28,5069.759765625,76.76768,66.86868540445964
2024-02-29,5096.27001953125,79.59596,68.82154846191406
2024-03-01,5137.080078125,78.78788,70.37036895751953
2024-03-04,5130.9501953125,79.19192,72.25588989257812
2024-03-05,5078.64990234375,77.77778,72.52525075276692
2024-03-06,5104.759765625,79.59596,73.87205251057942
2024-03-07,5157.35986328125,81.41414,75.15151468912761
2024-03-08,5123.68994140625,82.0202,77.84511820475261
2024-03-11,5117.93994140625,84.040405,80.20202128092448
2024-03-12,5175.27001953125,83.030304,81.0774434407552
2024-03-13,5165.31005859375,83.030304,81.88552347819011
2024-03-14,5150.47998046875,81.21212,79.4612808227539
2024-03-15,5117.08984375,80.404045,77.0370381673177
2024-03-18,5149.419921875,81.21212,74.3434346516927
2024-03-19,5178.509765625,82.828285,74.3434346516927
2024-03-20,5224.6201171875,83.23232,76.43097686767578
2024-03-21,5241.52978515625,83.46774,79.0694580078125
2024-03-22,5234.18017578125,82.258064,79.75779215494792
2024-03-25,5218.18994140625,81.854836,78.83064270019531
2024-03-26,5203.580078125,80.4829,76.49539438883464
2024-03-27,5248.490234375,85.74297,78.39924875895183
2024-03-28,5254.35009765625,86.94779,81.17459869384766
2024-04-01,5243.77001953125,85.34136,83.19946543375652
2024-04-02,5205.81005859375,84.13654,80.72289276123047
2024-04-03,5211.490234375,82.12851,77.64390818277995
2024-04-04,5147.2099609375,80.92369,73.49397532145183
2024-04-05,5204.33984375,81.1245,72.69076029459636
2024-04-08,5202.39013671875,82.12851,72.22222137451172
2024-04-09,5209.91015625,84.93976,74.56492614746094
2024-04-10,5160.64013671875,78.915665,70.41499455769856
2024-04-11,5199.06005859375,78.313255,65.39491399129231
2024-04-12,5123.41015625,74.29719,55.95716349283854
2024-04-15,5061.81982421875,72.48996,48.25970586140951
2024-04-16,5051.41015625,71.084335,39.558233896891274
2024-04-17,5022.2099609375,71.686745,34.33735020955404
2024-04-18,5011.1201171875,71.48594,32.32931772867838
2024-04-19,4967.22998046875,73.293175,33.53413518269857
2024-04-22,5010.60009765625,77.10843,36.880855560302734
2024-04-23,5070.5498046875,78.71486,41.767066955566406
2024-04-24,5071.6298828125,78.71486,45.24765650431315
2024-04-25,5048.419921875,78.11245,46.25167338053385
2024-04-26,5099.9599609375,77.10843,46.72021484375
2024-04-29,5116.169921875,79.11646,48.25970713297526
2024-04-30,5035.68994140625,75.30121,47.12182108561198
2024-05-01,5018.39013671875,73.49397,44.57831319173177
2024-05-02,5064.2001953125,75.30121,41.70013427734375
2024-05-03,5127.7900390625,76.50603,42.83802032470703
2024-05-06,5180.740234375,78.11245,46.987954457600914
2024-05-07,5187.7001953125,79.31727,50.87014897664388
2024-05-08,5187.669921875,78.313255,53.81526184082031
2024-05-09,5214.080078125,80.52209,56.024096171061196
2024-05-10,5222.68017578125,81.52611,57.83132553100586
2024-05-13,5221.419921875,81.1245,60.24096425374349
2024-05-14,5246.68017578125,81.92771,61.78045527140299
2024-05-15,5308.14990234375,82.329315,63.98929087320963
2024-05-16,5297.10009765625,82.73093,65.66265106201172
2024-05-17,5303.27001953125,83.53414,66.53279876708984
2024-05-20,5308.1298828125,83.33333,65.8634541829427
2024-05-21,5321.41015625,82.12851,65.39491271972656
2024-05-22,5307.009765625,81.1245,63.253012339274086
2024-05-23,5267.83984375,76.30522,58.366799672444664
2024-05-24,5304.72021484375,76.706825,54.81927617390951
2024-05-28,5306.0400390625,73.89558,50.53547286987305
2024-05-29,5266.9501953125,70.481926,47.65729522705078
2024-05-30,5235.47998046875,71.084335,45.18072255452474
2024-05-31,5277.509765625,74.8996,47.38955942789713
2024-06-03,5283.39990234375,75.1004,50.93708165486654
2024-06-04,5291.33984375,74.29719,52.4765739440918
2024-06-05,5354.02978515625,74.29719,52.34270477294922
2024-06-06,5352.9599609375,73.49397,52.610443115234375
2024-06-07,5346.990234375,72.088356,52.81124496459961
2024-06-10,5360.7900390625,72.69076,52.81124496459961
2024-06-11,5375.31982421875,71.686745,51.606424967447914
2024-06-12,5421.02978515625,72.69076,52.07496770222982
2024-06-13,5433.740234375,72.48996,51.40562438964844
2024-06-14,5431.60009765625,71.084335,50.736279805501304
2024-06-17,5473.22998046875,72.289154,49.933064778645836
2024-06-18,5487.02978515625,72.69076,50.46853892008463
2024-06-20,5473.169921875,73.49397,53.346719106038414
2024-06-21,5464.6201171875,74.8996,55.555555979410805
2024-06-24,5447.8701171875,75.30121,58.50067138671875
2024-06-25,5469.2998046875,73.69478,57.69745890299479
2024-06-26,5477.89990234375,71.686745,55.287820180257164
2024-06-27,5482.8701171875,72.088356,52.141902923583984
2024-06-28,5460.47998046875,73.09237,51.070953369140625
2024-07-01,5475.08984375,70.28113,49.26372400919596
2024-07-02,5509.009765625,69.87952,48.058902740478516
2024-07-03,5537.02001953125,69.67871,47.5234260559082
2024-07-05,5567.18994140625,69.27711,48.59437561035156
2024-07-08,5572.85009765625,69.07631,48.25970458984375
2024-07-09,5576.97998046875,68.07229,47.5234260559082
2024-07-10,5633.91015625,71.28514,49.66532897949219
2024-07-11,5584.5400390625,74.09639,55.4886220296224
2024-07-12,5615.35009765625,77.710846,63.92235819498698
2024-07-15,5631.22021484375,77.710846,69.41097768147786
2024-07-16,5667.2001953125,81.52611,73.56091054280598
2024-07-17,5588.27001953125,82.329315,75.03346761067708
2024-07-18,5544.58984375,79.71887,74.96653493245442
2024-07-19,5505.0,77.51004,70.54886372884114
2024-07-22,5564.41015625,78.71486,68.67470041910808
2024-07-23,5555.740234375,75.90361,68.2730941772461
2024-07-24,5427.1298828125,75.30121,66.46586608886719
2024-07-25,5399.22021484375,75.70281,63.38688278198242
2024-07-26,5459.10009765625,79.91968,63.52075068155924
2024-07-29,5463.5400390625,78.915665,67.00133895874023
2024-07-30,5436.43994140625,79.91968,69.3440424601237
2024-07-31,5522.2998046875,81.726906,70.4149907430013
2024-08-01,5446.68017578125,77.10843,67.87148539225261
2024-08-02,5346.56005859375,71.084335,62.98527526855469
2024-08-05,5186.330078125,64.45783,52.74431355794271
2024-08-06,5240.02978515625,66.86747,47.9919687906901
2024-08-07,5199.5,64.05622,45.046853383382164
2024-08-08,5319.31005859375,70.68273,48.86211395263672
2024-08-09,5344.16015625,70.481926,52.0080312093099
2024-08-12,5344.39013671875,68.07229,54.81927617390951
2024-08-13,5434.43017578125,71.48594,56.492636362711586
2024-08-14,5455.2099609375,70.68273,57.09504699707031
2024-08-15,5543.22021484375,75.30121,61.44578552246094
2024-08-16,5554.25,75.90361,64.99331029256184
2024-08-19,5608.25,77.710846,69.74565124511719
2024-08-20,5597.1201171875,76.50603,70.95046997070312
2024-08-21,5620.85009765625,79.11646,72.82463073730469
2024-08-22,5570.64013671875,77.30924,72.35609181722005
2024-08-23,5634.60986328125,79.71887,75.30120340983073
2024-08-26,5616.83984375,80.12048,76.10441589355469
2024-08-27,5625.7998046875,79.518074,77.51003774007161
2024-08-28,5592.18017578125,78.313255,76.37215423583984
2024-08-29,5591.9599609375,78.915665,76.50602467854817
2024-08-30,5648.39990234375,81.3253,78.1124496459961
2024-09-03,5528.93017578125,77.30924,76.30522155761719
2024-09-04,5520.06982421875,75.90361,73.360107421875
2024-09-05,5503.41015625,73.293175,68.2730941772461
2024-09-06,5408.419921875,70.08032,63.922356923421226
2024-09-09,5471.0498046875,73.49397,62.11512756347656
2024-09-10,5495.52001953125,72.48996,61.11111068725586
2024-09-11,5554.1298828125,72.89157,63.98929087320963
2024-09-12,5595.759765625,74.29719,66.19812647501628
2024-09-13,5626.02001953125,76.30522,69.5448481241862
2024-09-16,5633.08984375,76.50603,72.69076538085938
2024-09-17,5634.580078125,78.11245,75.23427327473958
2024-09-18,5618.259765625,77.710846,76.03748575846355
2024-09-19,5713.64013671875,81.52611,79.18340301513672
2024-09-20,5702.5498046875,78.313255,79.78581237792969
2024-09-23,5718.56982421875,79.11646,82.06157938639323
2024-09-24,5732.93017578125,79.91968,81.05756123860677
2024-09-25,5722.259765625,77.10843,80.52208709716797
2024-09-26,5745.3701171875,80.72289,80.78982543945312
2024-09-27,5738.169921875,83.13253,81.7269058227539
2024-09-30,5762.47998046875,82.329315,84.47121683756511
2024-10-01,5708.75,79.31727,83.73493957519531
2024-10-02,5709.5400390625,79.11646,81.79384358723958
2024-10-03,5699.93994140625,77.30924,78.04551442464192
2024-10-04,5751.06982421875,79.31727,76.90763092041016
2024-10-07,5695.93994140625,76.30522,74.02945200602214
2024-10-08,5751.1298828125,75.90361,73.02543640136719
2024-10-09,5792.0400390625,78.313255,72.69076283772786
2024-10-10,5780.0498046875,77.51004,73.76171366373698
2024-10-11,5815.02978515625,79.91968,76.17135365804036
2024-10-14,5859.85009765625,82.329315,78.17938486735027
2024-10-15,5815.259765625,80.92369,80.12048085530598
2024-10-16,5842.47021484375,82.329315,80.4551518758138
2024-10-17,5841.47021484375,81.3253,78.91566212972005
2024-10-18,5864.669921875,82.12851,78.91566212972005
2024-10-21,5853.97998046875,80.12048,76.43908945719402
2024-10-22,5851.2001953125,78.313255,73.22623697916667
2024-10-23,5797.419921875,76.706825,69.21017456054688
2024-10-24,5809.85986328125,75.50201,66.59973398844402
2024-10-25,5808.1201171875,74.69879,63.65462112426758
2024-10-28,5823.52001953125,76.30522,61.91432571411133
2024-10-29,5832.919921875,75.50201,59.37081782023112
2024-10-30,5813.669921875,74.29719,58.835341135660805
2024-10-31,5705.4501953125,71.686745,54.953145345052086
2024-11-01,5728.7998046875,72.289154,53.346719106038414
2024-11-04,5712.68994140625,73.49397,51.40562311808268
2024-11-05,5782.759765625,74.49799,53.94912974039713
2024-11-06,5929.0400390625,76.90763,58.232931772867836
2024-11-07,5973.10009765625,76.706825,63.45381418863932
2024-11-08,5995.5400390625,76.706825,67.00133768717448
2024-11-11,6001.35009765625,76.10442,67.80455017089844
2024-11-12,5983.990234375,74.49799,67.00133768717448
2024-11-13,5985.3798828125,74.49799,66.13119252522786
2024-11-14,5949.169921875,74.29719,64.3239631652832
2024-11-15,5870.6201171875,71.084335,62.04819361368815
2024-11-18,5893.6201171875,72.48996,60.3078982035319
2024-11-19,5916.97998046875,71.686745,58.63453928629557
2024-11-20,5917.10986328125,72.289154,59.036145528157554
2024-11-21,5948.7099609375,74.09639,60.37483469645182
2024-11-22,5969.33984375,75.1004,63.52074940999349
2024-11-25,5987.3701171875,78.71486,67.53681182861328
2024-11-26,6021.6298828125,77.710846,70.2141850789388
2024-11-27,5998.740234375,78.313255,72.55688985188802
2024-11-29,6032.3798828125,78.313255,73.36010233561198
2024-12-02,6047.14990234375,78.71486,73.02543131510417
2024-12-03,6049.8798828125,77.10843,70.95046488444011
2024-12-04,6086.490234375,76.90763,68.47389221191406
2024-12-05,6075.10986328125,75.50201,65.52877934773763
2024-12-06,6090.27001953125,75.1004,63.78848520914713
2024-12-09,6052.85009765625,75.30121,62.11512756347656
2024-12-10,6034.91015625,72.48996,60.17403030395508
2024-12-11,6084.18994140625,71.084335,57.69745763142904
2024-12-12,6051.25,70.68273,55.15394973754883
2024-12-13,6051.08984375,70.08032,53.212851206461586
2024-12-16,6074.080078125,67.26907,51.137884775797524
2024-12-17,6050.60986328125,66.66667,47.18875503540039
2024-12-18,5872.16015625,58.83534,37.550201416015625
2024-12-19,5867.080078125,58.433735,29.317269643147785
2024-12-20,5930.85009765625,60.64257,24.966532389322918
2024-12-23,5974.06982421875,60.843372,27.24230194091797
2024-12-24,6040.0400390625,62.249,30.990628560384113
2024-12-26,6037.58984375,62.249,32.93172709147135
2024-12-27,5970.83984375,61.646587,33.132530212402344
2024-12-30,5906.93994140625,59.638554,28.84872881571452
2024-12-31,5881.6298828125,59.839355,24.698795954386394
2025-01-02,5868.5498046875,58.634537,21.820616404215496
2025-01-03,5942.47021484375,59.839355,23.627845128377277
2025-01-06,5975.3798828125,58.83534,25.167336146036785
2025-01-07,5909.02978515625,57.83132,27.175368626912434
2025-01-08,5918.25,59.23695,27.309237162272137
2025-01-10,5827.0400390625,55.02008,24.832663853963215
2025-01-13,5836.22021484375,57.63052,23.025435129801433
2025-01-14,5842.91015625,61.244984,22.82463200887044
2025-01-15,5949.91015625,61.646587,27.91164716084798
2025-01-16,5937.33984375,64.25703,34.13654645284017
2025-01-17,5996.66015625,64.25703,39.82597096761068
2025-01-21,6049.240234375,66.46586,46.787148793538414
2025-01-22,6086.3701171875,65.46185,50.66934458414713
2025-01-23,6118.7099609375,65.46185,54.2838020324707
2025-01-24,6101.240234375,65.46185,54.149932861328125
2025-01-27,6012.27978515625,69.07631,57.63052241007487
2025-01-28,6067.7001953125,67.46988,57.96519470214844
2025-01-29,6039.31005859375,65.26104,57.161983489990234
2025-01-30,6071.169921875,67.46988,55.890228271484375
2025-01-31,6040.52978515625,66.064255,54.819278717041016
2025-02-03,5994.56982421875,64.65864,53.81526184082031
2025-02-04,6037.8798828125,64.25703,51.0040168762207
2025-02-05,6061.47998046875,65.26104,51.74029413859049
2025-02-06,6083.56982421875,63.65462,53.68139139811198
2025-02-07,6025.990234375,63.052208,54.752342224121094
2025-02-10,6066.43994140625,63.45382,54.41767120361328
2025-02-11,6068.5,64.05622,54.41767120361328
2025-02-12,6051.97021484375,61.84739,53.547524770100914
2025-02-13,6115.06982421875,63.727455,54.58011118570963
2025-02-14,6114.6298828125,63.126255,55.210957845052086
2025-02-18,6129.580078125,64.52905,58.450233459472656
2025-02-19,6144.14990234375,65.73147,59.71943918863932
2025-02-20,6117.52001953125,64.92986,60.253841400146484
2025-02-21,6013.1298828125,61.92385,57.78223164876302
2025-02-24,5983.25,62.32465,55.310621897379555
2025-02-25,5955.25,62.92585,53.173014322916664
2025-02-26,5956.06005859375,61.723446,53.106213887532554
2025-02-27,5861.56982421875,59.719437,51.369406382242836
2025-02-28,5954.5,61.723446,51.77020772298177
2025-03-03,5849.72021484375,59.118237,49.632598876953125
2025-03-04,5778.14990234375,52.304607,46.8937873840332
2025-03-05,5842.6298828125,55.31062,43.82097371419271
2025-03-06,5738.52001953125,50.901806,41.95056660970052
2025-03-07,5770.2001953125,54.108215,43.62057367960612
2025-03-10,5614.56005859375,47.09419,42.01736831665039
2025-03-11,5572.06982421875,42.68537,39.07815678914388
2025-03-12,5599.2998046875,40.881763,33.867736180623375
2025-03-13,5521.52001953125,36.673347,29.392117818196613
2025-03-14,5638.93994140625,41.883766,29.525718688964844
2025-03-17,5675.1201171875,47.29459,32.26452954610189
2025-03-18,5614.66015625,44.889782,35.47094217936198
2025-03-19,5675.2900390625,47.49499,37.80895105997721
2025-03-20,5662.89013671875,46.292583,37.67535146077474
2025-03-21,5667.56005859375,43.887775,36.67334747314453
2025-03-24,5767.56982421875,50.701405,36.539746602376304
2025-03-25,5776.64990234375,50.300606,37.2745475769043
2025-03-26,5712.2001953125,49.699398,40.01335906982422
2025-03-27,5693.31005859375,47.29459,39.87975947062174
2025-03-28,5580.93994140625,42.48497,37.875752766927086
2025-03-31,5611.85009765625,44.689377,36.74014790852865
2025-04-01,5633.06982421875,45.09018,37.00734837849935
2025-04-02,5670.97021484375,49.098198,39.345357259114586
2025-04-03,5396.52001953125,36.673347,36.87374687194824
2025-04-04,5074.080078125,22.845692,27.388108889261883
2025-04-07,5062.25,19.639278,15.965263366699219
2025-04-08,4982.77001953125,18.436874,7.748830954233806
2025-04-09,5456.89990234375,31.462925,9.084836483001709
2025-04-10,5268.0498046875,26.452906,11.623246669769287
2025-04-11,5363.35986328125,29.058117,15.831663767496744
2025-04-14,5405.97021484375,31.863728,18.904475847880047
2025-04-15,5396.6298828125,31.462925,22.378089904785156
2025-04-16,5275.7001953125,29.258516,23.112892786661785
2025-04-17,5282.7001953125,31.262526,22.979291915893555
2025-04-21,5158.2001953125,25.851704,19.906479199727375
2025-04-22,5287.759765625,30.26052,20.908483187357586
2025-04-23,5375.85986328125,30.861723,22.044088045756023
2025-04-24,5484.77001953125,34.66934,28.323314030965168
2025-04-25,5525.2099609375,35.871742,31.863727569580078
2025-04-28,5528.75,36.072144,34.93653996785482
2025-04-29,5560.830078125,37.67535,37.54174931844076
2025-04-30,5569.06005859375,37.67535,40.748162587483726
2025-05-01,5604.14013671875,39.078156,43.08617146809896
2025-05-02,5686.669921875,44.689377,48.83099492390951
2025-05-05,5650.3798828125,44.088177,53.30661265055338
2025-05-06,5606.91015625,41.282566,56.91382726033529
2025-05-07,5631.27978515625,44.689377,56.51302591959635
2025-05-08,5663.93994140625,45.691383,58.450234731038414
2025-05-09,5659.91015625,45.29058,61.923849741617836
2025-05-12,5844.18994140625,54.509018,67.40147272745769
2025-05-13,5886.5498046875,54.90982,70.47428385416667
2025-05-14,5892.580078125,53.907818,71.54308827718098
2025-05-15,5916.93017578125,57.915833,72.34469095865886
2025-05-16,5958.3798828125,60.721443,75.61790466308594
2025-05-19,5963.60009765625,59.51904,80.2271219889323
2025-05-20,5940.4599609375,57.915833,81.89712778727214
2025-05-21,5844.60986328125,51.90381,77.68871053059895
2025-05-22,5842.009765625,51.703407,72.41148885091145
2025-05-23,5802.81982421875,48.697395,66.93386586507161
2025-05-27,5921.5400390625,54.709415,69.13827514648438
2025-05-28,5888.5498046875,51.703407,70.14027913411458
2025-05-29,5912.169921875,52.304607,72.01068878173828
2025-05-30,5911.68994140625,53.306614,71.20908610026042
2025-06-02,5935.93994140625,52.50501,72.34469095865886
2025-06-03,5970.3701171875,53.50701,73.68069712320964
2025-06-04,5970.81005859375,53.106213,73.88109842936198
2025-06-05,5939.2998046875,51.102203,73.61389668782552
2025-06-06,6000.35986328125,54.509018,74.08149719238281
2025-06-09,6005.8798828125,54.509018,74.94989776611328
2025-06-10,6038.81005859375,56.713425,77.82230885823567
2025-06-11,6022.240234375,55.31062,78.75751241048177
2025-06-12,6045.259765625,55.91182,80.29391988118489
2025-06-13,5976.97021484375,52.10421,78.69071451822917
2025-06-16,6033.10986328125,55.711426,78.08951314290364
2025-06-17,5982.72021484375,51.90381,74.54910024007161
2025-06-18,5980.8701171875,51.102203,72.14429219563802
2025-06-20,5967.83984375,51.90381,69.27188110351562
2025-06-23,6025.169921875,55.11022,70.54108428955078
2025-06-24,6092.18017578125,57.31463,73.81429799397786
2025-06-25,6092.16015625,53.50701,74.34869893391927
2025-06-26,6141.02001953125,57.715435,73.81429799397786
2025-06-27,6173.06982421875,58.717434,72.67869059244792
2025-06-30,6204.9501953125,60.120243,74.81629943847656
2025-07-01,6198.009765625,64.52905,78.22311401367188
2025-07-02,6227.419921875,65.93186,79.69272104899089
2025-07-03,6279.35009765625,67.33467,81.2291259765625
2025-07-07,6229.97998046875,63.927853,78.95791625976562
2025-07-08,6225.52001953125,65.13026,77.8891118367513
2025-07-09,6263.259765625,66.13226,76.01870473225911
2025-07-10,6280.4599609375,67.53507,76.08550516764323
2025-07-11,6259.75,66.13226,74.61589813232422
2025-07-14,6268.56005859375,64.72946,74.08149719238281
2025-07-15,6243.759765625,60.32064,69.80627822875977
2025-07-16,6263.7001953125,62.52505,68.26987330118816
2025-07-17,6297.35986328125,63.927853,66.86706670125325
2025-07-18,6296.7900390625,64.12826,69.13827514648438
2025-07-21,6305.60009765625,63.527054,69.07147471110027
2025-07-22,6309.6201171875,69.73948,71.00868225097656
2025-07-23,6358.91015625,70.94189,73.48029327392578
2025-07-24,6363.35009765625,69.53908,76.15230305989583
2025-07-25,6388.64013671875,70.541084,76.35270436604817
2025-07-28,6389.77001953125,67.735466,73.88109334309895
2025-07-29,6370.85986328125,67.735466,72.27788798014323
2025-07-30,6362.89990234375,64.52905,68.26987202962239
2025-07-31,6339.39013671875,61.523045,64.72946039835612
2025-08-01,6238.009765625,58.517033,58.91783650716146
2025-08-04,6329.93994140625,62.32465,56.57982635498047
2025-08-05,6299.18994140625,60.52104,55.57782109578451
2025-08-06,6345.06005859375,59.91984,56.17902374267578
2025-08-07,6340.0,60.120243,55.97862243652344
2025-08-08,6389.4501953125,61.523045,56.64662551879883
2025-08-11,6373.4501953125,60.721443,57.515028635660805
2025-08-12,6445.759765625,63.527054,59.585837046305336
2025-08-13,6466.580078125,68.53707,62.45824686686198
2025-08-14,6468.5400390625,65.73147,64.9298578898112
2025-08-15,6449.7998046875,64.92986,64.32865651448567
2025-08-18,6449.14990234375,64.12826,62.12424977620443
2025-08-19,6411.3701171875,67.53507,62.725451151529946
2025-08-20,6395.77978515625,67.33467,64.19505818684895
2025-08-21,6370.169921875,66.73347,64.79625956217448
2025-08-22,6466.91015625,72.94589,67.13426971435547
2025-08-25,6439.31982421875,69.33868,67.46826934814453
2025-08-26,6465.93994140625,69.73948,68.60387420654297
2025-08-27,6481.39990234375,70.34068,66.8670654296875
2025-08-28,6501.85986328125,69.53908,66.8670654296875
2025-08-29,6460.259765625,69.73948,66.66666666666667
2025-09-02,6415.5400390625,68.33667,63.99465688069662
2025-09-03,6448.259765625,67.935875,61.45624796549479
2025-09-04,6502.080078125,69.33868,59.919840494791664
2025-09-05,6481.5,69.138275,60.187042236328125
2025-09-08,6495.14990234375,67.53507,60.921844482421875
2025-09-09,6512.60986328125,66.332664,60.45424143473307
2025-09-10,6532.0400390625,65.73147,59.519039154052734
2025-09-11,6587.47021484375,70.34068,61.12224451700846
2025-09-12,6584.2900390625,68.33667,61.92384719848633
2025-09-15,6615.27978515625,65.93186,62.124247233072914
2025-09-16,6606.759765625,65.53107,58.31663258870443
2025-09-17,6600.35009765625,65.33066,56.646626790364586
2025-09-18,6631.9599609375,65.73147,57.114227294921875
2025-09-19,6664.35986328125,65.93186,58.98463567097982
2025-09-22,6693.75,66.332664,59.251837412516274
2025-09-23,6656.919921875,66.13226,59.519039154052734
2025-09-24,6637.97021484375,65.93186,58.38343302408854
2025-09-25,6604.72021484375,64.12826,56.57982508341471
2025-09-26,6643.7001953125,66.332664,55.84502283732096
2025-09-29,6661.2099609375,67.33467,56.37942632039388
2025-09-30,6688.4599609375,68.33667,59.118237813313804
2025-10-01,6711.2001953125,69.33868,59.45223871866862
2025-10-02,6715.35009765625,68.73748,59.71943918863932
2025-10-03,6715.7900390625,69.53908,60.38744099934896
2025-10-06,6740.27978515625,68.33667,60.92184193929037
2025-10-07,6714.58984375,68.13628,60.58784103393555
2025-10-08,6753.72021484375,67.935875,59.05143610636393
2025-10-09,6735.10986328125,66.332664,56.37942632039388
2025-10-10,6552.509765625,58.91784,50.23380025227865
2025-10-13,6654.72021484375,62.92585,45.89178212483724
2025-10-14,6644.31005859375,66.332664,45.424181620279946
2025-10-15,6671.06005859375,64.72946,49.36539967854818
2025-10-16,6629.06982421875,61.122246,48.496996561686196
2025-10-17,6664.009765625,63.326653,46.96058909098307
2025-10-20,6735.1298828125,66.332664,47.962591807047524
2025-10-21,6735.35009765625,67.935875,52.50500996907552
2025-10-22,6699.39990234375,67.935875,54.308616638183594
2025-10-23,6738.43994140625,68.73748,54.24181620279948
2025-10-24,6791.68994140625,67.13427,53.77421315511068
2025-10-27,6875.16015625,67.0,55.87267812093099
2025-10-28,6890.89013671875,64.200005,54.303138732910156
2025-10-29,6890.58984375,58.0,50.666666666666664
2025-10-30,6822.33984375,58.2,45.599998474121094
2025-10-31,6840.2001953125,58.399998,43.3999989827474
2025-11-03,6851.97021484375,57.6,42.46666590372721
2025-11-04,6771.5498046875,58.2,41.666666666666664
2025-11-05,6796.2900390625,57.4,41.40000025431315
2025-11-06,6720.31982421875,55.199997,41.20000076293945
2025-11-07,6728.7998046875,58.399998,42.800000508626304
2025-11-10,6832.43017578125,58.8,44.733333587646484
2025-11-11,6846.60986328125,61.6,48.40000025431315
2025-11-12,6850.919921875,61.4,51.00000127156576
2025-11-13,6737.490234375,60.399998,50.26666768391927
2025-11-14,6734.10986328125,60.399998,47.93333435058594
2025-11-17,6672.41015625,56.199997,42.800000508626304
2025-11-18,6617.31982421875,57.0,40.466668446858726
2025-11-19,6642.16015625,55.800003,38.00000127156576
2025-11-20,6538.759765625,52.8,36.06666819254557
2025-11-21,6602.990234375,57.8,36.86666742960612
2025-11-24,6705.1201171875,57.8,38.86666742960612
2025-11-25,6765.8798828125,62.0,45.800000508626304
2025-11-26,6812.60986328125,62.4,51.266666412353516
2025-11-28,6849.08984375,63.4,57.40000025431315
2025-12-01,6812.6298828125,62.199997,57.66666793823242
2025-12-02,6829.3701171875,60.600002,56.13333384195963
2025-12-03,6849.72021484375,63.4,54.13333384195963
2025-12-04,6857.1201171875,62.800003,55.33333206176758
2025-12-05,6870.39990234375,64.600006,56.6000010172526
2025-12-08,6846.509765625,61.799995,55.20000076293945
2025-12-09,6840.509765625,60.399998,52.400001525878906
2025-12-10,6886.68017578125,62.0,52.06666819254557
2025-12-11,6901.0,65.4,55.40000025431315
2025-12-12,6827.41015625,65.4,58.86666742960612
2025-12-15,6816.509765625,65.4,60.79999923706055
2025-12-16,6800.259765625,63.800003,59.59999974568685
2025-12-17,6721.43017578125,63.800003,59.59999974568685
2025-12-18,6774.759765625,64.4,58.40000025431315
2025-12-19,6834.5,62.800003,58.53333409627279
2025-12-22,6878.490234375,64.600006,59.3999989827474
2025-12-23,6909.7900390625,63.4,60.93333180745443
2025-12-24,6932.0498046875,64.600006,62.599998474121094
2025-12-26,6929.93994140625,64.600006,63.0
2025-12-29,6905.740234375,65.200005,63.866668701171875
2025-12-30,6896.240234375,65.200005,63.73333485921224
2025-12-31,6845.5,62.0,61.6000010172526
2026-01-02,6858.47021484375,62.4,59.99999872843424
2026-01-05,6902.0498046875,64.0,60.13333257039388
2026-01-06,6944.81982421875,66.399994,63.733331044514976
2026-01-07,6920.93017578125,63.6,64.73333231608073
2026-01-08,6921.4599609375,67.0,67.39999898274739
2026-01-09,6966.27978515625,69.2,68.8000005086263
2026-01-12,6977.27001953125,68.6,71.46666717529297
2026-01-13,6963.740234375,68.0,70.60000101725261
2026-01-14,6926.60009765625,70.200005,70.8000005086263
2026-01-15,6944.47021484375,71.8,71.46666717529297
2026-01-16,6940.009765625,70.6,72.86666615804036
2026-01-20,6796.85986328125,66.6,70.06666819254558
2026-01-21,6875.6201171875,70.4,68.86666870117188
2026-01-22,6913.35009765625,70.200005,67.80000305175781
2026-01-23,6915.60986328125,70.0,68.8000005086263
2026-01-26,6950.22998046875,70.6,68.93333435058594
2026-01-27,6978.60009765625,69.2,68.1999994913737
2026-01-28,6978.02978515625,68.6,66.66666666666667
2026-01-29,6969.009765625,68.8,64.66666666666667
2026-01-30,6939.02978515625,68.6,64.53333282470703
2026-02-02,6976.43994140625,67.4,65.93333180745442
2026-02-03,6917.81005859375,65.6,65.5999984741211
2026-02-04,6882.72021484375,69.2,65.93333180745442
2026-02-05,6798.39990234375,67.6,65.33333333333333
2026-02-06,6932.2998046875,69.2,67.1999994913737
2026-02-09,6964.81982421875,69.4,67.33333333333333
2026-02-10,6941.81005859375,69.8,68.53333282470703
2026-02-11,6941.47021484375,69.8,67.86666361490886
2026-02-12,6832.759765625,66.799995,65.66666412353516
2026-02-13,6836.169921875,67.799995,63.93333180745443
2026-02-17,6843.22021484375,66.6,63.26666768391927
2026-02-18,6881.31005859375,68.8,65.0
2026-02-19,6861.89013671875,67.6,65.4000015258789
2026-02-20,6909.509765625,68.2,65.86666615804036
2026-02-23,6837.75,66.399994,64.13333384195964
2026-02-24,6890.06982421875,67.0,63.3999989827474
2026-02-25,6946.1298828125,66.399994,62.400001525878906
2026-02-26,6908.85986328125,68.2,63.866668701171875
2026-02-27,6878.8798828125,68.4,64.2000020345052
2026-03-02,6881.6201171875,68.2,63.800000508626304
2026-03-03,6816.6298828125,64.0,60.866668701171875
2026-03-04,6869.5,63.6,59.333334604899086
2026-03-05,6830.7099609375,61.199997,56.06666819254557
2026-03-06,6740.02001953125,58.2,52.06666692097982
2026-03-09,6795.990234375,58.399998,47.46666717529297
2026-03-10,6781.47998046875,55.800003,44.06666692097982
2026-03-11,6775.7998046875,54.8,42.266666412353516
2026-03-12,6672.6201171875,51.6,38.199999491373696
2026-03-13,6632.18994140625,51.0,35.199999491373696
2026-03-16,6699.3798828125,52.600002,33.53333282470703
2026-03-17,6716.08984375,52.399998,34.59999974568685
2026-03-18,6624.7001953125,49.8,33.66666603088379
2026-03-19,6606.490234375,49.399998,31.733332951863606
2026-03-20,6506.47998046875,46.399998,26.666666666666668
2026-03-23,6581.0,49.399998,24.93333371480306
2026-03-24,6556.3701171875,49.6,23.8000005086263
2026-03-25,6591.89990234375,49.6,26.200000127156574
2026-03-26,6477.16015625,48.4,25.53333346048991
2026-03-27,6368.85009765625,44.600002,23.666666666666668
2026-03-30,6343.72021484375,45.4,21.066666920979817
2026-03-31,6528.52001953125,49.399998,21.666666666666668
2026-04-01,6575.31982421875,49.8,24.266666412353516
2026-04-02,6582.68994140625,50.0,27.799999237060547
2026-04-06,6611.830078125,49.8,31.0
2026-04-07,6616.85009765625,50.4,32.0
2026-04-08,6782.81005859375,56.4,38.40000025431315
2026-04-09,6824.66015625,57.8,43.93333307902018
2026-04-10,6816.89013671875,54.4,48.733333587646484
2026-04-13,6886.240234375,57.6,49.266666412353516
2026-04-14,6967.3798828125,58.399998,50.59999974568685
2026-04-15,7022.9501953125,57.0,53.266666412353516
2026-04-16,7041.27978515625,57.200005,54.20000076293945
2026-04-17,7126.06005859375,62.4,56.59999974568685
2026-04-20,7109.14013671875,61.4,60.0
2026-04-21,7064.009765625,58.8,61.533331553141274
2026-04-22,7137.89990234375,58.999996,59.59999974568685
2026-04-23,7108.39990234375,59.2,57.40000025431315
2026-04-24,7165.080078125,57.8,55.800001780192055
2026-04-27,7173.91015625,57.8,54.666666666666664
2026-04-28,7138.7998046875,58.0,53.666665395100914
2026-04-29,7135.9501953125,56.800003,52.53333282470703
2026-04-30,7209.009765625,58.8,53.933335622151695
2026-05-01,7230.1201171875,58.600002,54.66666920979818
2026-05-04,7200.75,55.800003,55.40000025431315
2026-05-05,7259.22021484375,56.6,54.533331553141274
2026-05-06,7365.1201171875,58.600002,54.93333307902018
2026-05-07,7337.10986328125,57.8,55.666666666666664
2026-05-08,7398.93017578125,56.6,55.266666412353516
2026-05-11,7412.83984375,55.800003,53.39999771118164
2026-05-12,7400.9599609375,56.4,52.53333282470703
2026-05-13,7444.25,55.4,50.53333409627279
2026-05-14,7501.240234375,56.0,49.466668446858726
2026-05-15,7408.5,53.2,47.333334604899086
2026-05-18,7403.0498046875,57.0,49.199999491373696
2026-05-19,7353.60986328125,55.0,49.3999989827474
2026-05-20,7432.97021484375,57.4,52.199998219807945
2026-05-21,7445.72021484375,58.2,53.3999989827474
2026-05-22,7473.47021484375,60.000004,56.86666488647461
2026-05-26,7519.1201171875,60.2,57.93333180745443
2026-05-27,7520.35986328125,59.281437,58.22834269205729
2026-05-28,7563.6298828125,60.27944,57.78962071736654
2026-05-29,7580.06005859375,59.68064,57.15236155192057
2026-06-01,7599.9599609375,55.88822,55.82168833414713
2026-06-02,7609.77978515625,56.487022,54.357949574788414
2026-06-03,7553.68017578125,56.487022,52.89421081542969
2026-06-04,7584.31005859375,59.281437,54.091817220052086
2026-06-05,7383.740234375,59.68064,54.757153828938804
2026-06-08,7405.72998046875,58.283432,55.555555979410805
2026-06-09,7386.64990234375,61.277443,56.28742472330729
2026-06-10,7266.990234375,59.68064,55.0898183186849
2026-06-11,7394.2998046875,61.277443,56.28742472330729
2026-06-12,7431.4599609375,62.075848,57.15236282348633
2026-06-15,7554.2900390625,62.749004,61.36743927001953
2026-06-16,7511.35009765625,64.143425,64.31731414794922
2026-06-17,7420.10009765625,61.553783,62.217793782552086
2026-06-18,7500.580078125,61.354584,59.56175104777018
2026-06-22,7472.7900390625,60.55777,56.24170049031576
2026-06-23,7365.4599609375,61.752987,57.83532587687174
2026-06-24,7358.22021484375,63.54582,60.092962900797524
2026-06-25,7357.490234375,62.749004,62.48340098063151
2026-06-26,7354.02001953125,64.94024,63.6122194925944
2026-06-29,7440.43017578125,63.147408,63.94422403971354
2026-06-30,7499.35986328125,61.95219,63.61221822102865
2026-07-01,7483.22998046875,63.94422,63.67861811319987
2026-07-02,7483.240234375,67.529884,64.5418306986491
2026-07-06,7537.43017578125,67.72909,66.66666412353516
2026-07-07,7503.85009765625,67.92828,67.92828623453777
2026-07-08,7482.7099609375,64.741035,66.99867248535156
2026-07-09,7543.64013671875,65.13944,65.73705291748047
2026-07-10,7575.39013671875,67.529884,66.00265757242839
2026-07-13,7515.33984375,67.92828,66.46746571858723
2026-07-14,7543.58984375,66.73307,66.00265884399414
2026-07-15,7572.39990234375,66.932274,63.811421712239586
2026-07-16,7533.77001953125,70.71713,64.27622731526692
2026-07-17,7457.68994140625,68.5259,64.47542953491211
2026-07-20,7443.27978515625,66.53387,64.47542953491211
2026-07-21,7509.2001953125,65.73705,61.95219039916992
2026-07-22,7498.9599609375,66.334656,61.35458119710287
2026-07-23,7408.2998046875,65.73705,60.424966176350914
2026-07-24,7411.97998046875,66.53387,62.28419621785482
2026-07-27,7413.18017578125,70.11952,64.47543080647786
2026-07-28,7428.77978515625,71.912346,68.72509765625
2026-07-29,7316.14990234375,69.92032,68.99070231119792
2026-07-30,7437.6298828125,69.52191,67.33067576090495
2026-07-31,7489.72021484375,68.32669,64.27622858683269
2026-08-03,7600.5,70.51793,64.07702509562175
2026-08-04,7736.52001953125,72.509964,65.53785069783528
2026-08-05,7723.5498046875,72.11155,67.19787851969402
2026-08-06,7709.9599609375,71.71315,67.06507619222005
2026-08-07,7757.64013671875,73.70518,66.40106455485027
2026-08-10,7753.10986328125,73.10757,65.86985524495442
2026-08-11,7728.2001953125,72.509964,65.67065175374348
2026-08-12,7748.5,72.11155,65.40504709879558
2026-08-13,7798.990234375,75.0996,66.33466084798177
2026-08-14,7785.759765625,74.9004,68.4594955444336
2026-08-17,7745.06005859375,71.912346,67.33067576090495
2026-08-18,7691.759765625,71.912346,64.67463302612305
2026-08-19,7707.97998046875,75.298805,61.68658447265625
2026-08-20,7641.16015625,73.70518,59.22974650065104
2026-08-21,7674.3701171875,72.90836,58.36653264363607
2026-08-24,7652.85986328125,74.701195,58.03452682495117
2026-08-25,7677.27978515625,72.70916,59.428948720296226
2026-08-26,7675.7001953125,73.10757,59.76095453898112
2026-08-27,7730.990234375,71.11553,57.56972122192383
2026-08-28,7711.759765625,71.912346,55.71049118041992
2026-08-31,7686.14013671875,68.7251,52.7888437906901
2026-09-01,7631.47021484375,65.93626,50.265603383382164
2026-09-02,7666.60009765625,66.73307,48.53917694091797
2026-09-03,7747.7099609375,68.9243,48.80478159586588
2026-09-04,7718.60009765625,67.33067,49.33598963419596
2026-09-08,7673.52001953125,63.147408,47.67596308390299
2026-09-09,7636.35986328125,60.159363,43.2934939066569
2026-09-10,7591.7001953125,57.96813,38.579017639160156
2026-09-11,7656.97998046875,59.76096,37.317396799723305
2026-09-14,7619.97998046875,59.561752,37.649401346842446
2026-09-15,7585.72998046875,56.97211,38.24701182047526
2026-09-16,7551.81005859375,53.78486,35.989376068115234
2026-09-17,7637.759765625,53.78486,33.59893798828125
2026-09-18,7650.5,52.78884,31.40770212809245
2026-09-21,7764.7001953125,52.58964,30.876493453979492
2026-09-22,7764.64013671875,50.796814,30.677290598551433
2026-09-23,7706.02978515625,49.601593,30.677290598551433
2026-09-24,7704.1298828125,47.41036,29.017264048258465
2026-09-25,7743.41015625,48.80478,27.689242680867512
2026-09-28,7683.68994140625,47.808765,26.29482078552246
2026-09-29,7670.83984375,45.418327,26.029216766357422
2026-09-30,7651.5400390625,42.231075,23.970783869425457
2026-10-01,7666.4501953125,43.737576,23.291460037231445
2026-10-02,7722.72021484375,45.52684,23.00948651631673
2026-10-05,7773.9501953125,47.316105,25.314778010050457
2026-10-06,7818.93017578125,49.900597,27.634194056193035
2026-10-07,7801.77001953125,46.71968,29.158381779988606
2026-10-08,7765.35986328125,50.099403,30.815107981363933
2026-10-09,7811.5400390625,49.900597,31.67660649617513
